User,afinn_score,FPPR,happiness_rank_score,happiness_average_score,happiness_standard_deviation_score,twitter_rank_score,google_rank_score,nyt_rank_score,lyrics_rank_score,parse_tree_height,max_verb_phrase_length,fpp_count,number_of_sentences,number_of_definite_articles,other_pronoun_count
user-0,-1.1818181818181819,0.0,5461.290322580645,5.288064516129032,1.171006451612903,391.60504201680675,466.86206896551727,544.1016949152543,524.5546218487395,3.5454545454545454,2,2,10,2,15
user-1,0.028708133971291867,40.54054054054054,5118.062680810029,5.4119093539054965,1.1650121022179363,411.08266932270914,438.07379518072287,532.4166241713411,403.85455460493205,4.042944785276074,2,58,138,45,289
user-2,0.525,80.0,5148.436403508772,5.409605263157895,1.1531440789473684,365.233995584989,432.3758700696056,477.86046511627904,370.60090702947844,5.12,2,21,24,14,53
user-3,0.16049382716049382,96.42857142857143,4903.928066037736,5.472783018867925,1.1782183962264152,384.45588235294116,460.6936274509804,541.6662515566625,401.8076923076923,4.338709677419355,2,69,54,18,84
user-4,0.6296296296296297,55.55555555555556,4587.260204081633,5.552653061224488,1.1808127551020409,427.0425531914894,736.8473684210526,678.7277777777778,426.4216216216216,3.65,2,16,19,2,20
user-5,0.2591240875912409,50.81967213114754,5018.440566037736,5.440768867924528,1.1762460849056604,323.32454458293387,524.913810483871,526.2702564102564,385.2844036697248,4.254545454545455,2,113,169,35,350
user-6,0.8455284552845529,52.94117647058824,4821.0952380952385,5.508506069094305,1.1890262371615312,342.57824427480915,511.2938816449348,482.8583162217659,366.1386233269599,3.4583333333333335,2,35,102,20,156
user-7,0.4720812182741117,48.275862068965516,5014.9011689691815,5.457582359192347,1.1761193411264614,345.76508620689657,434.49231644849175,460.33066361556064,359.3171397379913,4.25,3,75,131,37,234
user-8,0.6230769230769231,79.66101694915254,5031.636990235497,5.47834577828834,1.1429313612866168,508.52184927169094,600.3195997645674,656.4925834363412,525.5171537484117,6.681159420289855,2,95,62,81,157
user-9,0.5,100.0,5456.957983193277,5.326218487394958,1.1376453781512603,373.10169491525426,591.0183486238532,532.0275229357799,378.6216216216216,3.8,2,8,11,3,10
user-10,-0.8571428571428571,40.0,5332.608108108108,5.249459459459459,1.1987716216216218,243.69444444444446,403.04477611940297,611.9859154929577,313.01408450704224,2.4545454545454546,1,6,10,0,10
user-11,0.8333333333333334,40.0,4668.306603773585,5.556650943396226,1.2163014150943396,419.5769230769231,495.17676767676767,508.7886597938144,439.615763546798,2.676470588235294,3,11,34,2,34
user-12,0.0,41.66666666666667,4430.442105263158,5.594526315789473,1.160847368421053,272.05263157894734,323.5869565217391,294.0,244.55913978494624,3.4444444444444446,1,16,10,1,10
user-13,-0.05913978494623656,74.4186046511628,4880.557533375715,5.451964399237125,1.1890733630006356,426.1407506702413,524.7445504087193,584.2042936288088,444.21634615384613,3.2560975609756095,2,72,176,23,230
user-14,0.6282051282051282,76.92307692307693,4627.926948051948,5.555357142857144,1.1882355519480519,346.9382303839733,428.38513513513516,473.87285223367695,368.07563025210084,3.783333333333333,2,36,60,17,81
user-15,0.5795454545454546,44.44444444444444,4895.07223476298,5.480270880361174,1.1668582392776525,383.8717366628831,423.7909199522103,427.229746070133,342.5681818181818,4.090909090909091,2,44,48,24,117
user-16,-0.05454545454545454,52.94117647058824,5478.693805309735,5.323575221238938,1.141479646017699,484.9229357798165,524.5122410546139,579.3719165085389,532.8998109640831,4.648648648648648,2,23,37,22,46
user-17,-0.75,100.0,4794.783333333334,5.501499999999999,1.1802366666666666,372.89473684210526,830.7017543859649,740.6,392.51785714285717,4.25,1,6,5,1,1
user-18,-0.8809523809523809,95.45454545454545,5531.065573770492,5.246994535519126,1.1933401639344263,347.3133903133903,534.9411764705883,524.4732142857143,446.05367231638417,4.090909090909091,2,41,17,4,31
user-19,-0.543010752688172,62.0253164556962,5362.120634920635,5.330751322751322,1.1990902116402116,401.10634834508954,483.50492182976257,464.77992957746477,432.9197120708749,4.526315789473684,2,129,107,44,154
user-20,0.18518518518518517,50.0,4732.737827715356,5.535805243445694,1.1478561797752806,382.4597701149425,377.7670682730924,518.8682170542636,391.31496062992125,4.352941176470588,1,6,17,5,43
user-21,0.017543859649122806,62.5,5218.450549450549,5.377179487179487,1.189353663003663,437.1899441340782,525.51,523.0848484848485,439.1029126213592,3.86046511627907,2,40,43,9,45
user-22,0.3838383838383838,24.561403508771928,5009.9140786749485,5.454503105590061,1.1724283643892341,390.2654774396642,454.3532668881506,473.0600667408231,393.11833688699363,4.242424242424242,2,32,68,31,120
user-23,2.0,0.0,4038.090909090909,5.681818181818182,1.0774909090909093,364.1818181818182,328.0,283.45454545454544,227.63636363636363,2.5,1,0,1,0,3
user-24,-0.017391304347826087,96.15384615384616,5064.896865520728,5.421658240647119,1.1702945399393325,443.0927835051546,571.8651804670912,531.6083150984683,434.85445026178013,4.9375,2,109,46,25,48
user-25,0.018518518518518517,60.0,5114.48590021692,5.387548806941432,1.181597180043384,485.4625550660793,604.2980769230769,441.4504950495049,418.08665105386416,3.735294117647059,2,27,36,14,58
user-26,0.3601036269430052,39.83739837398374,5045.109288702929,5.427819246861925,1.1850759330543934,366.8402872777018,456.0800861914168,495.0480943738657,371.3795023490517,3.869140625,2,147,556,98,927
user-27,0.5,100.0,5200.75,5.4190000000000005,1.1678230000000003,328.5408163265306,485.0842105263158,533.4631578947368,342.17021276595744,4.5,1,10,6,4,9
user-28,-0.21809744779582366,51.92307692307693,5216.620666666667,5.367846666666666,1.1715004444444446,481.3783721466451,534.2882751937984,508.8640438247012,451.71099501306105,4.076271186440678,2,166,313,128,577
user-29,0.7924528301886793,25.0,5182.1138613861385,5.4397772277227725,1.133065594059406,348.58397932816536,479.36503856041134,476.47229551451187,374.6871794871795,5.0,1,5,24,18,62
user-30,-0.3254437869822485,52.903225806451616,5112.855839416058,5.402189781021899,1.1856120437956204,365.954375,496.8388780169602,500.2378737541528,360.16962025316457,3.542483660130719,2,185,155,38,127
user-31,0.8970588235294118,57.14285714285714,4747.633689839572,5.549505347593582,1.1774804812834225,333.66621621621624,502.9477401129943,458.33526850507985,318.786312849162,4.0181818181818185,2,29,46,14,92
user-32,0.01694915254237288,71.42857142857143,5173.223706176962,5.395325542570952,1.155539732888147,387.8843537414966,428.2719298245614,461.30511463844795,387.49913344887347,4.405405405405405,2,27,36,9,94
user-33,0.304,68.91891891891892,5073.497424892704,5.424377682403433,1.170668025751073,346.28590078328983,485.0596877869605,454.3703703703704,402.595640569395,4.2243589743589745,2,159,164,33,258
user-34,-0.65625,83.33333333333334,5226.571942446043,5.32,1.1558888489208634,308.8205128205128,488.94505494505495,492.4600760456274,334.36802973977694,6.076923076923077,2,30,11,11,17
user-35,-0.5238095238095238,12.5,5262.131782945737,5.380310077519379,1.1619375968992247,344.2165354330709,447.7427385892116,435.89539748953973,425.98790322580646,3.5833333333333335,2,8,16,7,36
user-36,-0.4649122807017544,54.90196078431373,5257.169774919614,5.362353697749197,1.1622672025723473,419.1671052631579,474.3610335195531,484.5136842105263,420.453125,4.56989247311828,2,151,87,45,125
user-37,-0.03125,42.857142857142854,5320.491349480969,5.324844290657439,1.1746804498269898,475.49283154121866,531.3699633699633,504.3893129770992,432.9016697588126,4.681818181818182,2,16,37,19,64
user-38,-0.5,100.0,5039.166666666667,5.399666666666667,1.2185502380952382,377.3357487922705,592.5974358974358,552.668407310705,353.25672371638143,3.8055555555555554,2,44,37,11,16
user-39,1.0638297872340425,60.0,4560.297789336801,5.625916775032509,1.1915823146944085,337.4361001317523,532.4,521.7832861189802,379.1638044914135,3.1184210526315788,2,38,77,13,119
user-40,0.28,60.0,4929.403587443946,5.4311659192825115,1.1684955156950676,340.1834862385321,491.84976525821594,490.1643192488263,349.12264150943395,5.363636363636363,2,10,10,2,31
user-41,0.0,0.0,5481.583333333333,5.260757575757576,1.1629522727272728,141.3181818181818,298.06722689075633,245.34188034188034,166.6076923076923,3.0,1,19,7,1,9
user-42,0.25925925925925924,60.0,5422.218390804598,5.298218390804598,1.1483908045977012,350.3941176470588,611.7469135802469,511.2857142857143,354.0352941176471,4.2727272727272725,2,12,12,2,22
user-43,-0.3157894736842105,77.08333333333334,5426.446105072464,5.3062182971014495,1.161290081521739,362.12761993479273,514.4375910636231,512.4028812717337,366.6854460093897,6.629032258064516,2,190,36,64,164
user-44,0.6966292134831461,71.7948717948718,4986.2847411444145,5.495599455040873,1.1596628065395096,369.4106145251397,478.6408759124088,514.0342261904761,387.69142857142856,3.4583333333333335,2,68,81,20,64
user-45,0.8297872340425532,22.5,4944.652495378928,5.485526802218115,1.1807031423290204,317.8957169459963,500.11451942740285,481.9325153374233,376.337786259542,3.4468085106382977,2,36,49,12,65
user-46,0.2876712328767123,92.5925925925926,4927.6369529983795,5.487309562398703,1.1920188006482981,349.1525704809287,447.93333333333334,391.85283687943263,393.50169491525423,3.6470588235294117,2,68,50,10,47
user-47,0.12,83.33333333333334,4977.972350230415,5.459032258064517,1.1579336405529956,406.7203791469194,536.7518610421836,495.9,437.03614457831327,4.147058823529412,2,44,32,10,29
user-48,-0.5096153846153846,68.75,5346.624190064795,5.33292656587473,1.176705183585313,369.18722466960355,475.34701055099646,476.2833530106257,371.8961625282167,4.159420289855072,2,65,72,16,108
user-49,0.1016548463356974,47.77777777777778,5116.958199356914,5.418874598070739,1.1751076428394756,502.02682486458605,552.886606189968,579.9832114811807,537.3849227490676,3.951923076923077,3,111,335,79,528
user-50,0.75,100.0,4802.783333333334,5.523000000000001,1.1792738888888887,327.9776536312849,550.3352941176471,518.0598802395209,369.78285714285715,3.090909090909091,2,9,19,3,17
user-51,-0.078125,50.66666666666667,5311.97265948633,5.33185584092792,1.17683082021541,444.595340811044,583.7466427931961,534.5187214611872,413.28902765388045,3.6486486486486487,2,85,93,26,104
user-52,-1.0,100.0,4887.211267605634,5.432676056338028,1.232491549295775,301.9428571428571,482.32394366197184,531.3571428571429,284.6666666666667,3.6666666666666665,1,8,6,3,2
user-53,0.20408163265306123,50.0,4963.419483101392,5.452803180914513,1.187765208747515,392.85771543086173,536.5379609544468,508.23568281938327,410.3921971252567,3.276595744680851,2,46,52,8,51
user-54,0.8076923076923077,57.14285714285714,4856.981132075472,5.499150943396226,1.186033962264151,366.1650485436893,544.5326633165829,560.8121827411168,314.1741293532338,4.266666666666667,2,23,13,6,18
user-55,0.3076923076923077,0.0,4768.060606060606,5.498585858585858,1.1535050505050504,346.1212121212121,416.03125,354.2105263157895,329.83505154639175,6.5,1,6,2,0,14
user-56,0.4,100.0,4764.782352941176,5.498588235294117,1.2106770588235292,526.792899408284,522.4625,532.0880503144654,384.9177215189873,3.0,1,12,19,3,14
user-57,0.43529411764705883,57.14285714285714,5221.562428407789,5.409278350515464,1.142344673539519,481.7245508982036,538.348246674728,561.9186189889026,469.63235294117646,4.615384615384615,1,33,26,27,85
user-58,-0.5,100.0,4473.0,5.626363636363637,1.2155363636363636,335.5813953488372,400.95238095238096,281.9,293.2142857142857,12.0,1,6,1,2,3
user-59,0.2,73.33333333333333,5237.85901826484,5.3587271689497715,1.170573287671233,363.92054149499705,462.111442193087,488.6650306748466,329.3070866141732,3.8811188811188813,2,136,148,13,191
user-60,0.2532467532467532,28.57142857142857,5012.476691729324,5.431240601503759,1.1772472180451128,437.72261072261074,521.047619047619,551.6295081967213,425.480194017785,4.03921568627451,2,34,90,22,198
user-61,-0.16101694915254236,45.0,5228.194523135033,5.355439093484419,1.166362795089707,418.15564202334633,416.6636363636364,554.8755020080321,411.259779338014,3.8297872340425534,2,54,91,32,109
user-62,0.25333333333333335,85.71428571428571,5121.691505216096,5.42387481371088,1.1592152011922503,366.6646058732612,455.9043062200957,505.1672077922078,375.32911392405066,4.36734693877551,2,22,49,18,81
user-63,0.7622377622377622,17.56756756756757,5003.342744212309,5.472806324110672,1.158339808018069,326.5306358381503,399.03639618138425,422.02353651176827,375.8857142857143,4.429906542056075,2,39,108,28,306
user-64,-0.5833333333333334,55.55555555555556,5272.227467811159,5.308927038626609,1.1964536480686694,393.44690265486724,441.6203703703704,483.8779342723005,339.6090909090909,3.5,1,13,18,5,31
user-65,0.16666666666666666,78.125,4912.268670309654,5.4615755919854285,1.187072950819672,356.8347338935574,455.3686274509804,421.716148445336,404.13182674199624,3.1293103448275863,2,85,114,18,105
user-66,-0.75,100.0,5480.7692307692305,5.209615384615384,1.1820884615384617,426.7391304347826,1077.695652173913,716.9473684210526,618.2,9.0,1,2,1,2,1
user-67,0.0,66.66666666666666,5248.011627906977,5.317906976744186,1.1914058139534887,456.8837209302326,531.921052631579,439.58666666666664,464.87654320987656,2.75,1,9,9,1,4
user-68,0.8333333333333334,28.57142857142857,4193.745762711865,5.701186440677965,1.2143745762711864,378.84615384615387,382.9537037037037,542.9732142857143,270.9816513761468,3.3636363636363638,1,5,11,3,22
user-69,0.9615384615384616,37.5,4842.754208754209,5.522558922558923,1.188047138047138,518.2405498281787,361.0985401459854,424.5875912408759,551.4669117647059,5.333333333333333,2,10,18,5,30
user-70,0.37037037037037035,100.0,5126.1324786324785,5.411965811965812,1.143468376068376,384.8193832599119,438.57674418604654,499.4835680751174,361.8868778280543,4.4375,1,25,15,11,21
user-71,0.47959183673469385,30.76923076923077,4777.87152161042,5.525423327412669,1.1736719952634695,320.85187424425635,410.37868338557996,455.8975487115022,361.9480840543881,3.9365079365079363,2,71,133,16,276
user-72,-0.8387096774193549,0.0,5277.318493150685,5.294931506849315,1.2132037671232876,445.1742160278746,521.5636363636364,580.1569343065694,455.82437275985666,4.142857142857143,2,9,22,4,36
user-73,0.36363636363636365,53.333333333333336,5027.268348623853,5.436467889908258,1.178038990825688,418.916864608076,469.0535279805353,524.5539215686274,395.181598062954,4.666666666666667,2,23,28,14,47
user-74,-0.03571428571428571,90.9090909090909,4991.736714975846,5.470748792270532,1.1930809178743962,440.35539215686276,518.574358974359,581.2267002518892,409.43544303797466,4.769230769230769,2,24,26,14,31
user-75,0.08080808080808081,64.36781609195403,5115.388436830835,5.4169721627409,1.1532883083511778,426.02584670231727,454.74012567324957,507.6500920810313,418.93357933579335,4.593103448275862,3,123,130,69,227
user-76,0.5342960288808665,61.58940397350994,5084.952494873548,5.455440874914559,1.1730351503759398,439.37265983751325,526.8273754398963,542.7582376200339,449.1430656934307,4.145785876993166,2,314,402,185,525
user-77,-0.058519793459552494,59.63855421686747,5301.570487255072,5.3488451534593375,1.1657887983353563,461.9598480737927,536.1265443654062,536.0818129441137,473.3905412894883,4.938775510204081,2,258,263,118,673
user-78,0.16666666666666666,55.55555555555556,5169.019277108434,5.403855421686748,1.1853383132530122,399.355,507.34358974358975,497.0211081794195,408.3547557840617,4.033333333333333,2,35,25,14,38
user-79,-0.024844720496894408,68.05555555555556,5240.142857142857,5.382943262411348,1.1642777608915906,461.7607427055703,515.9744703965237,487.20280112044816,450.64094143404486,4.358208955223881,2,115,89,73,182
user-80,-0.14285714285714285,0.0,4449.026086956522,5.610086956521739,1.1850208695652171,247.20353982300884,618.9285714285714,474.0,254.0810810810811,3.6,2,9,6,1,18
user-81,-0.46938775510204084,50.0,5391.1734104046245,5.285173410404624,1.1716057803468207,494.394578313253,639.6369426751593,642.383606557377,540.3784615384616,3.7142857142857144,2,27,25,6,22
user-82,-1.1111111111111112,100.0,5842.2,5.137333333333332,1.1702173333333334,271.2054794520548,300.6307692307692,457.95522388059703,361.18666666666667,2.25,1,9,9,4,3
user-83,0.14285714285714285,56.41025641025641,5107.412828947368,5.4349506578947375,1.1685940789473686,433.4467005076142,510.08703374777974,528.9537366548043,456.32590051457976,4.294117647058823,2,49,31,23,39
user-84,0.41566265060240964,80.0,4980.670722977809,5.462612741589119,1.1741055118110235,421.27487103905673,516.3579970104634,532.2407692307693,406.8181818181818,4.0576923076923075,2,104,113,28,133
user-85,-0.25,33.33333333333333,5412.396449704142,5.308047337278107,1.1607272189349114,405.7037037037037,412.83116883116884,409.0986842105263,371.44303797468353,4.625,2,6,4,8,27
user-86,0.46938775510204084,73.33333333333333,5019.877263581489,5.438319919517103,1.1739883299798795,460.11709844559584,501.75667022411955,482.5016501650165,443.8809523809524,4.390625,1,41,55,11,126
user-87,-0.44731977818853974,60.71428571428571,5316.681914374084,5.318603288295621,1.1748744098974444,347.2784071976008,404.75350770829726,441.76894865525674,337.253084304318,4.272289156626506,2,753,418,161,424
user-88,-0.4,100.0,5309.171875,5.3687499999999995,1.2334,364.6290322580645,643.9827586206897,508.17857142857144,451.1774193548387,3.1666666666666665,1,6,6,0,1
user-89,0.4019607843137255,45.588235294117645,5038.155561910209,5.439470975121533,1.1730206176722904,394.9411421911422,464.2655193607867,487.0865234982882,389.04457074484,4.578125,2,194,174,66,456
user-90,-0.3181818181818182,66.66666666666666,5633.508982035928,5.212574850299402,1.1565293413173654,509.4879518072289,623.9041095890411,495.41007194244605,519.0555555555555,3.466666666666667,2,15,16,5,9
user-91,-0.14285714285714285,45.45454545454545,5127.064777327935,5.384655870445344,1.1783127530364372,403.9,546.882096069869,573.4071588366891,458.82838983050846,4.1875,1,16,30,5,72
user-92,0.17088607594936708,62.22222222222222,5167.635294117647,5.3986013071895425,1.183329411764706,365.43201607501675,456.0758097863542,480.38461538461536,341.82063385030347,2.8742138364779874,2,107,168,38,202
user-93,-0.7777777777777778,44.44444444444444,5123.333333333333,5.362068965517241,1.1675706896551725,316.0635838150289,670.3699421965318,511.8023952095808,310.50602409638554,3.2142857142857144,2,12,10,3,27
user-94,0.17857142857142858,32.758620689655174,5182.241293532338,5.403718905472638,1.154953606965174,386.2911877394636,433.8647757255937,443.90683646112603,379.97322011757024,4.114754098360656,2,54,121,38,259
user-95,-0.3584905660377358,78.94736842105263,5343.490740740741,5.326296296296296,1.1856502314814816,470.60714285714283,591.2853535353536,495.82984293193715,386.3128078817734,3.4871794871794872,2,32,31,16,51
user-96,0.0945273631840796,65.46762589928058,4906.755020080322,5.475949512335054,1.1764954102122778,321.5238372093023,455.1678103555833,466.34815278647466,375.5037989479836,3.345679012345679,2,203,175,30,162
user-97,0.25333333333333335,71.42857142857143,4989.611721611722,5.461269841269842,1.1826,440.34183673469386,481.90193548387094,486.84036939313984,447.91327201051246,4.029411764705882,2,74,73,12,82
user-98,0.3181818181818182,71.42857142857143,4984.288461538462,5.452335164835165,1.1839236263736266,467.1540656205421,491.8855072463768,540.9484536082474,431.24889543446244,4.4,1,57,45,11,62
user-99,0.16161616161616163,64.93506493506493,5168.2605597964375,5.405501272264631,1.1564061577608142,460.2625727898359,559.0902215018908,573.2201117318435,510.689505165851,5.44,2,146,87,59,129
user-100,-0.03225806451612903,81.81818181818183,5337.3877551020405,5.329795918367347,1.1436027210884354,377.1060070671378,482.29432624113474,399.80827067669173,342.9528985507246,4.090909090909091,1,24,20,14,7
user-101,-0.3333333333333333,60.71428571428571,5412.810961080222,5.312597299444003,1.165276012708499,487.38134206219314,532.0926870748299,497.8289241622575,448.5991452991453,4.1938775510204085,2,59,87,29,161
user-102,0.04712041884816754,85.0,5245.637650200267,5.362064085447263,1.13136173564753,407.15393103448275,461.5699105145414,496.52284408909196,418.1908961593172,5.349206349206349,2,184,159,138,371
user-103,0.45454545454545453,57.14285714285714,5039.822222222222,5.4290370370370375,1.1698555555555559,373.21804511278197,426.43548387096774,404.3821138211382,295.68992248062017,3.4285714285714284,2,11,12,4,22
user-104,-1.4,66.66666666666666,5252.541666666667,5.357499999999999,1.2346833333333331,291.2173913043478,516.0217391304348,569.2340425531914,374.7173913043478,5.0,1,4,3,1,4
user-105,-0.11267605633802817,27.27272727272727,5372.845255474453,5.32585401459854,1.173711386861314,371.3731343283582,480.8402555910543,457.2520325203252,425.66869300911856,3.9423076923076925,2,39,51,9,71
user-106,-0.4155844155844156,78.78787878787878,5175.872340425532,5.386833541927409,1.1560540675844806,425.8528645833333,441.0926892950392,457.2567567567568,449.06258322237017,4.9375,2,75,41,14,61
user-107,0.4444444444444444,53.06122448979592,4883.259866423801,5.496435944140863,1.1786928961748633,384.2571606475716,420.39405684754524,451.97464239271784,389.43627140139506,3.5170068027210886,2,129,144,37,197
user-108,-0.4594594594594595,76.92307692307693,5118.494505494506,5.392829670329671,1.1746777472527472,413.72957746478875,541.0952380952381,442.8730650154799,391.9823529411765,4.761904761904762,2,39,23,10,19
user-109,0.2,0.0,4981.176470588235,5.438655462184873,1.1465663865546218,514.5086206896551,478.5,671.6981132075472,661.3275862068965,3.3846153846153846,1,8,12,0,11
user-110,0.2697160883280757,43.225806451612904,5053.17432615862,5.43267791351561,1.1702923598991661,465.6754421221865,544.2616243025418,563.5226694915254,454.75015733165515,4.073985680190931,2,206,390,120,610
user-111,0.8076923076923077,0.0,4939.106870229008,5.550916030534352,1.117808396946565,448.5234375,561.5569620253165,701.9715447154472,471.9,4.0,2,3,16,8,34
user-112,-0.3448275862068966,76.92307692307693,5377.3408239700375,5.28561797752809,1.1712865168539328,490.3058823529412,486.64315352697093,513.6806722689075,503.98809523809524,4.647058823529412,2,24,15,7,16
user-113,0.36699029126213595,30.48780487804878,5039.778720515867,5.443517732903445,1.1716025623621245,395.61223071577484,452.6279985678482,465.41438169602327,380.0225144092219,5.302631578947368,2,154,154,114,868
user-114,-0.01195219123505976,65.51724137931035,5411.879243661367,5.313596905887408,1.1570748173614096,457.60098082924657,496.8596410492407,524.0047326076668,442.0936346863469,4.325,2,64,151,51,277
user-115,-0.08333333333333333,83.33333333333334,5418.267015706806,5.333193717277488,1.1080895287958117,511.2944444444444,550.9714285714285,561.5375722543353,536.5174418604652,4.25,1,14,12,8,22
user-116,0.29118773946360155,73.77049180327869,5150.086622245002,5.401276268580215,1.1759699128651973,413.5790305584826,506.4939024390244,544.2136414881624,439.7857142857143,3.9863945578231292,2,113,147,37,203
user-117,0.5304659498207885,37.96296296296296,4861.837633298934,5.500247678018575,1.1940720674234606,379.0986013986014,512.0543154761905,492.1195158850227,399.1999283410964,3.9565217391304346,2,110,225,54,406
user-118,0.8571428571428571,83.33333333333334,4702.619528619529,5.551784511784512,1.1689700336700337,334.74402730375425,321.73539518900344,361.41379310344826,363.1533101045296,3.9655172413793105,1,9,28,6,40
user-119,0.0,0.0,4834.625,5.543333333333334,1.1402666666666665,207.375,427.40909090909093,244.3181818181818,246.5,4.0,2,0,2,0,3
user-120,0.2727272727272727,30.76923076923077,5277.292753623188,5.339478260869565,1.1801486956521738,369.1815476190476,509.23926380368096,451.86349206349206,370.2201834862385,3.9545454545454546,1,10,23,10,55
user-121,-0.5294117647058824,76.92307692307693,5083.02027027027,5.395585585585585,1.175338063063063,377.60779816513764,442.9881796690307,478.31807228915665,358.3095238095238,3.90625,2,32,30,12,28
user-122,-0.1484375,73.07692307692307,5130.45629510826,5.413560545308741,1.1500652766639934,472.3280334728033,486.1515410958904,529.0044130626654,438.1955017301038,4.046728971962617,2,106,99,32,94
user-123,-0.25,75.0,5233.20586797066,5.371511002444987,1.1534713936430319,400.8753738783649,407.789802289282,463.07574960547083,380.24629535002555,5.204918032786885,3,199,100,67,129
user-124,-0.7692307692307693,92.85714285714286,5177.572614107884,5.39402489626556,1.1827649377593359,350.39139784946235,469.2516853932584,468.27272727272725,396.57173447537474,3.32,2,42,43,16,35
user-125,0.2495164410058027,44.171779141104295,5199.8749094858795,5.392051049963794,1.1681131064446055,459.67559863169896,532.4465540155686,533.8228021978022,443.1927042030135,4.60632183908046,2,237,376,157,639
user-126,0.2971698113207547,57.73195876288659,5192.354957160343,5.399106487148102,1.1596814769481845,421.6128762541806,486.92311072056236,499.3976764968722,428.73979591836735,4.120218579234972,2,196,160,55,217
user-127,0.32432432432432434,86.95652173913044,4863.643463497453,5.498879456706282,1.1887634974533106,305.96557659208264,444.35766423357666,503.75272727272727,371.4581881533101,4.2894736842105265,2,65,35,9,43
user-128,0.21,29.365079365079367,5179.319677871148,5.397379201680673,1.1642857142857141,508.2522341783695,522.5179380664653,579.7791010372647,496.45904726040294,4.69971671388102,2,157,371,121,581
user-129,0.35714285714285715,76.47058823529412,4966.88,5.465323076923077,1.1805987692307693,300.36875,309.2626582278481,415.94006309148267,292.98738170347,4.666666666666667,2,24,21,5,49
user-130,0.24324324324324326,65.0,4994.061971830986,5.451211267605634,1.1745152112676056,260.81534090909093,345.3314121037464,362.54782608695655,278.67241379310343,4.222222222222222,1,49,25,6,32
user-131,0.34408602150537637,67.81609195402298,5016.453712190651,5.444564619615033,1.1736956003666361,388.6632221700329,422.63101604278074,449.7448579823702,390.55630739487674,4.15,2,171,140,54,230
user-132,-0.875,100.0,5182.978723404255,5.2480851063829785,1.217195744680851,369.0869565217391,562.6585365853658,395.6666666666667,419.5744680851064,1.7777777777777777,1,3,9,2,6
user-133,-0.23076923076923078,15.625,5114.582474226804,5.403883161512026,1.1528699312714776,434.3814616755793,505.73982300884956,494.74681238615665,448.2481481481482,4.361111111111111,3,21,32,15,79
user-134,-0.4090909090909091,78.37837837837837,5267.23339658444,5.365654648956356,1.146504933586338,289.91585127201563,429.80160320641284,396.19917864476383,319.31262135922333,4.628571428571429,2,59,22,20,41
user-135,-0.41509433962264153,51.724137931034484,5338.913654618474,5.34140562248996,1.1461234939759035,374.5197505197505,430.1519823788546,375.0405405405405,387.7978947368421,4.138888888888889,2,35,34,20,65
user-136,-0.5398773006134969,60.0,5286.71884229179,5.35203780271707,1.1698310100413467,440.29896907216494,505.50869285254345,540.7239144523655,466.8018691588785,4.268518518518518,2,92,119,47,169
user-137,0.3879781420765027,52.67857142857143,5142.313145878395,5.419115597212209,1.1702793799567413,398.81321909424724,495.2603899435608,496.5535248041775,429.7640222334512,4.077490774907749,2,162,226,86,472
user-138,0.23469387755102042,54.54545454545454,5298.3820762784335,5.371605951770138,1.160470258252095,414.56441393875394,534.4714497589915,546.9106836792992,410.4783724340176,4.026178010471204,3,245,373,119,638
user-139,0.4166666666666667,62.5,5235.050632911392,5.353755274261604,1.1815936708860761,298.7920353982301,501.18099547511315,480.0604651162791,359.8678414096916,3.8181818181818183,2,12,22,9,35
user-140,0.7288135593220338,25.0,4940.759385665529,5.500733788395905,1.1629452218430034,430.21830985915494,460.2990990990991,480.8003629764065,420.87249544626593,5.032258064516129,2,9,29,11,72
user-141,-1.5945945945945945,84.61538461538461,5412.014492753623,5.231884057971015,1.2391257246376812,315.3619402985075,497.7421875,495.9516129032258,359.49049429657794,3.736842105263158,1,23,18,4,20
user-142,0.009478672985781991,25.454545454545453,5136.014803471158,5.3964675855028075,1.165034201123022,444.5681818181818,501.14668094218416,505.6827661909989,432.76127612761275,4.531914893617022,2,56,145,24,275
user-143,0.3473684210526316,62.5,4998.254493850521,5.458126773888363,1.1959703878902554,355.84368932038836,472.4792960662526,485.13702928870293,416.24627606752733,4.25,2,60,84,20,134
user-144,-0.19540229885057472,84.21052631578947,5121.046082949309,5.386113671274961,1.1832847926267283,321.55015673981194,455.8843537414966,500.02405498281786,321.3820754716981,2.7560975609756095,2,90,82,6,68
user-145,-0.4,55.55555555555556,5217.037974683544,5.393987341772152,1.1494449367088608,366.5357142857143,507.8390410958904,593.5191637630662,454.84313725490193,4.148148148148148,2,20,21,10,38
user-146,-0.22661122661122662,12.154696132596685,5356.307019415404,5.340435246426286,1.155051184126307,487.2081002461401,487.29049773755656,548.6966370854741,482.69324448529414,4.354304635761589,3,61,284,100,709
user-147,-0.23376623376623376,59.72696245733788,5145.747605633803,5.376899530516432,1.185237483568075,386.69551895825356,499.659225885726,492.4209871422646,381.9192037470726,4.3478260869565215,2,439,337,130,517
user-148,-0.2524964336661912,63.2768361581921,5259.835229929852,5.33635697583788,1.1813030865159784,366.2413294797688,522.1161825726141,491.9921313718782,363.9104549854792,6.5703125,3,668,12,145,503
user-149,-0.043478260869565216,57.14285714285714,5205.850649350649,5.385541125541125,1.1507519480519481,440.48565121412804,495.27944572748265,472.78823529411767,426.2240184757506,5.636363636363637,2,19,20,9,38
user-150,0.7808219178082192,57.49999999999999,5022.603519840611,5.4786518346339035,1.1632358127179145,389.7895542701599,471.0585002659103,455.06520960229307,413.54133099824867,4.447727272727272,3,343,390,153,646
user-151,0.4968152866242038,59.210526315789465,5118.145049218298,5.433187608569774,1.1550290098436595,414.01543942992873,490.4564950980392,520.1406298721547,402.7138026437135,4.3392070484581495,2,156,194,103,461
user-152,-0.06666666666666667,100.0,5225.8646616541355,5.3688721804511275,1.1459593984962408,354.953125,541.9921875,528.6328125,518.5669291338583,5.285714285714286,1,4,6,1,12
user-153,-0.3103448275862069,90.9090909090909,5321.51320754717,5.327811320754717,1.1825966037735849,318.0346153846154,643.5294117647059,607.109649122807,339.1792828685259,3.6,2,23,22,2,14
user-154,0.8571428571428571,58.333333333333336,4859.808988764045,5.519452247191011,1.172922331460674,430.8193641618497,520.6914893617021,543.5610510046367,419.4325925925926,3.5901639344262297,2,38,66,19,75
user-155,0.391304347826087,83.33333333333334,5148.374213836478,5.410849056603774,1.1480000000000001,337.0,489.50169491525423,462.160409556314,377.38235294117646,4.166666666666667,2,34,24,5,14
user-156,-0.3838383838383838,44.73684210526316,5320.464047936085,5.308768308921438,1.1810954061251664,539.58486562942,557.6781206171108,635.5155010814708,537.9768745620182,3.9478260869565216,2,67,89,62,130
user-157,0.7241379310344828,61.48148148148148,4876.088556545118,5.504315241135943,1.1727290203327172,325.7156244675413,440.4091726618705,408.41611600587373,357.9521663778163,4.107226107226107,2,290,418,111,771
user-158,-0.2,66.66666666666666,5146.3387096774195,5.3980645161290335,1.2055048387096772,444.3666666666667,461.6034482758621,505.2068965517241,366.8666666666667,4.333333333333333,1,9,2,4,1
user-159,0.0,50.0,5277.005970149254,5.380477611940298,1.1315397014925372,503.472049689441,608.8449367088608,652.4902597402597,508.8258064516129,4.590909090909091,2,9,18,11,28
user-160,-0.5,100.0,4636.3,5.415,1.250285,162.05,315.75,479.9,111.3,5.0,1,2,1,0,2
user-161,0.16580310880829016,75.71428571428571,5120.218233349079,5.406112423240435,1.162956258856873,376.70716360116165,520.6478239119559,494.3874291602267,395.33818364274964,4.71304347826087,2,175,105,64,162
user-162,-0.45185185185185184,8.571428571428571,5255.750178954903,5.355969935576235,1.1590371510379385,456.8095238095238,436.8841463414634,497.00154083204933,407.4930981595092,4.641025641025641,2,14,78,34,208
user-163,-1.1666666666666667,33.33333333333333,5635.008,5.238879999999999,1.2498836000000002,534.281512605042,634.6488888888889,610.6488888888889,570.8026315789474,3.68,1,11,21,8,28
user-164,0.3354531001589825,56.25,5028.466920908639,5.452535234621123,1.1619570717957222,377.97851099830797,509.89661852765056,484.5414484377822,382.4671734623359,4.652061855670103,3,317,393,119,646
user-165,1.2727272727272727,100.0,4437.880434782609,5.600108695652173,1.2154070652173914,360.2067039106145,524.6363636363636,561.0056179775281,480.11299435028246,5.0,1,10,4,5,27
user-166,-0.6842105263157895,33.33333333333333,5390.63309352518,5.25884892086331,1.1393906474820144,397.5925925925926,451.2142857142857,525.088,448.2720588235294,2.7777777777777777,2,2,11,3,22
user-167,0.9166666666666666,33.33333333333333,4901.509433962264,5.490424528301888,1.1493278301886793,334.77777777777777,411.53921568627453,401.9452736318408,374.42439024390245,3.3,2,6,21,3,30
user-168,-1.0,33.33333333333333,6144.021276595745,4.877446808510639,1.169759574468085,260.70212765957444,397.2093023255814,554.1860465116279,328.1489361702128,4.5,1,3,3,0,2
user-169,0.5064102564102564,71.42857142857143,4837.015603799186,5.514654002713704,1.1706568521031209,337.4117647058824,429.14714285714285,452.0564808110065,299.611781405252,3.2625,2,60,156,26,232
user-170,-0.34210526315789475,59.25925925925925,5205.315619967794,5.417230273752013,1.13251578099839,533.5519591141397,545.6700336700337,505.69686411149826,597.241622574956,7.529411764705882,2,29,13,17,41
user-171,0.38461538461538464,50.0,4971.192307692308,5.453538461538462,1.2015407692307691,255.78571428571428,499.4065040650407,501.41803278688525,434.008,3.727272727272727,1,12,11,2,11
user-172,-1.3333333333333333,80.0,5213.666666666667,5.359333333333334,1.1665783333333335,381.280701754386,601.4074074074074,502.9433962264151,524.7543859649123,2.7777777777777777,1,7,8,3,1
user-173,0.3230769230769231,58.333333333333336,5161.014191106907,5.4159886471144745,1.1530674550614948,327.0668604651163,480.4278506559031,484.59814049586777,334.7236328125,3.9753086419753085,2,100,81,18,115
user-174,0.7169421487603306,56.493506493506494,4951.027800226281,5.491601745595602,1.1525016001293034,360.43494729907775,462.54340071343637,472.02307162534436,356.1542071739859,4.41645885286783,3,245,320,139,856
user-175,0.6541666666666667,58.666666666666664,5024.539940196497,5.463481418197351,1.155976292182828,346.78327495621716,463.89095865515674,458.6854764107308,384.75827084252313,4.4480519480519485,2,115,142,60,312
user-176,0.057569296375266525,46.7005076142132,5200.595002905287,5.3869281425527795,1.1616274840209182,373.3505905511811,443.60383653044204,442.3261466920313,391.88126383578185,3.9116809116809117,3,484,338,111,559
user-177,-1.5909090909090908,90.0,5883.885714285714,5.0197714285714286,1.187125142857143,444.3905325443787,616.6603773584906,583.4013157894736,396.0925925925926,4.0,1,21,10,3,10
user-178,-0.06666666666666667,69.49152542372882,4959.18785151856,5.47091676040495,1.167648593925759,380.2852193995381,495.97979179424374,428.8080553807426,429.0805882352941,3.7579617834394905,2,106,157,31,175
user-179,0.43686006825938567,80.3030303030303,5026.384017758047,5.448250092489825,1.1670172770995189,352.8506006006006,464.46596244131456,454.749300279888,363.67826759474093,4.494736842105263,2,153,177,46,313
user-180,-0.14606741573033707,61.53846153846154,5119.494117647058,5.421289411764706,1.186404517647059,433.0245821042281,546.7223624432105,477.2365253793825,444.8753142282554,4.064327485380117,2,106,164,53,244
user-181,0.45161290322580644,83.33333333333334,5247.156571428572,5.391851428571428,1.1554288,350.5770142180095,513.4885404101327,515.283950617284,357.7581227436823,4.258620689655173,2,63,52,22,103
user-182,-0.007481296758104738,64.66165413533834,5213.138448163443,5.385681373614433,1.17523988263421,395.24983210208194,472.1668600603388,468.2162674887361,408.08440662373505,4.3584905660377355,2,264,296,88,504
user-183,0.25,100.0,4191.407407407408,5.702592592592593,1.1654296296296296,222.58333333333334,652.16,643.1666666666666,294.2916666666667,3.0,1,1,3,0,6
user-184,0.18666666666666668,17.647058823529413,5181.841463414634,5.408414634146341,1.1682900914634147,347.1674347158218,459.37891268533775,386.08658743633276,316.1251956181534,3.702127659574468,2,26,52,9,110
user-185,-0.16666666666666666,90.9090909090909,5246.286919831224,5.372489451476792,1.1874835443037972,471.09375,526.6575342465753,562.6,557.4018691588785,4.384615384615385,1,19,15,8,12
user-186,0.23870967741935484,55.55555555555556,4922.823746312684,5.5004719764011805,1.181056784660767,411.24734446130503,524.7668810289389,488.1781045751634,430.3546375681995,4.222222222222222,2,102,77,27,126
user-187,-0.20496894409937888,47.15447154471545,5138.756140350877,5.393467836257311,1.1823128070175437,340.79035139964265,483.3871374527112,450.10967741935485,372.13469633193023,3.4478527607361964,2,174,122,36,126
user-188,-1.263157894736842,50.0,5767.668341708542,5.190854271356783,1.1383698492462313,668.7554347826087,531.9,624.8531073446328,624.2397660818714,5.5,1,5,10,7,7
user-189,0.3443579766536965,46.070460704607044,5007.85930154466,5.44538280725319,1.1674509738079248,373.8380221653879,450.3719424460432,449.53551912568304,348.1219298245614,4.009546539379475,2,469,388,127,694
user-190,0.06611570247933884,43.22033898305085,4974.808095952024,5.4558620689655175,1.1650709895052473,365.4721586575134,463.6349960411718,478.4811547714515,402.2236842105263,5.131147540983607,2,110,57,17,161
user-191,0.391304347826087,100.0,5274.36875,5.360250000000001,1.175015,139.9493670886076,359.76973684210526,362.3,176.49375,4.5,1,18,12,7,14
user-192,-0.38461538461538464,88.88888888888889,5261.6823266219235,5.330447427293065,1.1765979865771812,425.75402298850577,504.7226277372263,499.99007444168734,425.39709443099275,4.275862068965517,2,46,31,4,22
user-193,0.2,12.5,4686.537037037037,5.505925925925926,1.195324074074074,342.6952380952381,632.1287128712871,587.2626262626262,293.3627450980392,2.5,2,3,14,1,19
user-194,-0.375,100.0,5171.601449275362,5.349420289855073,1.1535260869565218,375.375,263.5426356589147,367.0859375,342.7279411764706,4.1,2,9,10,6,13
user-195,-0.5357142857142857,58.9041095890411,5186.695912263211,5.386789631106681,1.184677367896311,422.75356415478615,495.8501628664495,490.43654266958424,426.34915611814347,4.45,2,91,43,28,80
user-196,-0.664,84.21052631578947,5590.160602258469,5.183789209535759,1.1855833124215809,495.8149100257069,651.4285714285714,632.3540462427745,503.1039473684211,3.4025974025974026,2,70,74,23,26
user-197,0.2962962962962963,36.11111111111111,5071.8969325153375,5.437251533742332,1.1556857668711658,393.70332480818416,459.6849673202614,463.18013245033114,410.7216494845361,3.681159420289855,2,26,60,22,101
user-198,-1.5,0.0,5498.762711864407,5.145762711864406,1.1708,819.3214285714286,744.0350877192982,663.7272727272727,377.8775510204082,3.125,2,0,7,3,3
user-199,0.7653061224489796,40.0,5073.193672099713,5.465158197507191,1.148205560882071,431.640873015873,511.7785714285714,481.231822971549,415.9755102040816,4.625,2,49,61,28,107
user-200,-2.5,100.0,5261.5,5.269473684210527,1.1723236842105262,359.2894736842105,337.8333333333333,451.8611111111111,429.7894736842105,2.4285714285714284,1,3,8,0,3
user-201,-0.21818181818181817,54.54545454545454,5262.383033419023,5.333933161953728,1.182638560411311,425.106100795756,480.2732558139535,535.1374269005848,396.85714285714283,4.181818181818182,2,42,20,9,30
user-202,0.25,33.33333333333333,5052.985185185185,5.423185185185185,1.176805925925926,405.9248120300752,496.336,380.15966386554624,433.0378787878788,3.3846153846153846,1,1,13,2,10
user-203,-0.2551369863013699,56.888888888888886,5406.705657757723,5.285680319333565,1.1715341027421033,501.39383561643837,537.5971169839216,541.8354961832061,452.56429510043176,4.457364341085271,2,291,408,152,653
user-204,0.7037037037037037,50.0,5010.549367088607,5.46093670886076,1.1492556962025318,446.6989247311828,515.3148148148148,574.4650537634409,440.1373626373626,4.833333333333333,2,22,23,7,52
user-205,-0.12,90.80459770114942,5141.688568376068,5.389278846153846,1.1586817307692308,448.9579596412556,502.5405707890319,549.7826336975273,459.7406983400114,4.1506849315068495,2,211,146,58,113
user-206,0.26335174953959484,71.42857142857143,5176.229028415858,5.395604900459419,1.1572450910328398,405.140127388535,482.34081041968165,510.45747422680415,427.5151460512081,4.712121212121212,2,366,369,142,621
user-207,-0.7066666666666667,71.42857142857143,5486.041186161449,5.2532784184514,1.1957805601317957,360.38200339558574,470.32514177693764,505.9751908396947,414.1042735042735,2.909090909090909,2,72,65,12,42
user-208,0.8671875,0.0,4619.787812840043,5.558400435255713,1.2062169749727967,278.70828729281766,374.0337837837838,393.3473325766175,277.6534988713318,3.630434782608696,2,4,104,11,141
user-209,0.8888888888888888,100.0,5063.378698224852,5.450059171597633,1.1749171597633137,299.7546012269939,454.61875,459.2125,310.2121212121212,4.818181818181818,1,10,10,3,21
user-210,-0.26517571884984026,68.18181818181817,5152.898030942335,5.366476793248946,1.1760068565400845,396.88759970993476,465.36916234247593,508.3104868913858,371.2008227374719,3.1442953020134228,2,255,311,79,243
user-211,0.007352941176470588,37.93103448275862,5194.570754716981,5.37374213836478,1.1545352987421384,406.9927536231884,489.37561779242174,503.2682926829268,373.1832504145937,5.242424242424242,2,29,74,26,165
user-212,-0.40310077519379844,70.9090909090909,5325.464409122322,5.349253628196268,1.1622322736696613,410.74186704384726,508.52963240810203,487.8030651340996,391.79008746355686,3.369565217391304,2,100,138,46,160
user-213,0.3,46.42857142857143,4963.429490124024,5.470675241157556,1.1747639412034911,441.93173258003765,505.76377952755905,531.2417582417582,481.2739322533137,4.047337278106509,3,50,166,43,314
user-214,-0.3157894736842105,78.78787878787878,5132.535128805621,5.400936768149882,1.1787654566744732,412.47285886610376,477.40605296343,542.1218274111675,419.06953223767385,5.146341463414634,2,71,43,11,69
user-215,0.3373493975903614,46.15384615384615,5050.213605442177,5.4492925170068025,1.1926848979591835,364.94190871369295,537.2114537444934,496.14564564564563,384.4402777777778,4.065217391304348,2,42,30,17,66
user-216,0.5714285714285714,66.66666666666666,4685.475490196079,5.531666666666668,1.2107602941176472,454.92039800995025,568.3862433862433,528.1390374331551,454.61538461538464,4.0,1,25,16,1,16
user-217,-0.6666666666666666,37.5,5212.703910614525,5.343240223463687,1.1508737430167597,294.50282485875704,379.70348837209303,358.15384615384613,238.39766081871346,4.555555555555555,1,19,7,5,16
user-218,0.4354066985645933,22.400000000000002,5027.189035087719,5.44971052631579,1.1771423684210527,401.87173717371735,484.8774740810556,493.7949209391471,398.34405144694534,3.90625,2,75,186,57,348
user-219,0.625,100.0,5192.550847457627,5.409152542372883,1.148254237288136,351.0625,474.009900990099,541.4,499.6725663716814,4.6,1,4,10,3,14
user-220,0.5560747663551402,71.25,4962.020490928495,5.48267022411953,1.1621481323372465,409.7352812908853,494.968622100955,504.3328700486449,440.3590767865069,4.08,2,385,303,162,424
user-221,-0.46318289786223277,75.0,5219.857683982684,5.355441017316017,1.1874152867965366,364.2034787410271,551.2388591800357,521.2092811646952,393.2965478211658,2.8816964285714284,2,331,443,60,334
user-222,0.4613333333333333,56.34920634920635,4880.7243920412675,5.489894374846475,1.169695652173913,359.8961267605634,443.69772310913373,480.0578905630452,379.3396031950528,4.320284697508897,2,181,295,69,624
user-223,0.37662337662337664,59.036144578313255,5117.242149337055,5.419560362875088,1.1910627355198884,382.25177809388333,490.184250764526,511.8010752688172,412.5279593318809,4.126436781609195,2,113,87,25,134
user-224,0.6134969325153374,27.941176470588236,5122.7557422969185,5.438885154061625,1.1623787675070028,432.7339930151339,520.1073985680191,532.4367396593674,417.7767332549941,3.8689655172413793,2,42,133,65,225
user-225,0.0,66.66666666666666,5209.518041237114,5.345850515463919,1.1712074742268042,455.0921052631579,533.3065902578796,537.3782991202346,513.2367021276596,4.380952380952381,2,20,12,5,59
user-226,0.5957446808510638,100.0,5186.408577878104,5.411286681715575,1.1419959367945822,379.1209302325581,504.28395061728395,561.5825,469.9952380952381,3.5833333333333335,2,28,37,14,29
user-227,-0.2222222222222222,100.0,5494.768518518518,5.310370370370369,1.1597527777777776,471.25714285714287,518.5882352941177,584.7524752475248,489.8673469387755,5.8,2,7,4,3,6
user-228,-0.95,20.0,5512.45744680851,5.28031914893617,1.1861079787234041,584.8508287292817,522.9597701149426,546.1569767441861,511.07954545454544,18.0,1,4,1,9,22
user-229,0.647887323943662,57.692307692307686,5023.293413173653,5.455892215568863,1.15903748502994,392.4639804639805,449.3643312101911,454.5019255455712,404.48553459119495,4.54,2,66,46,17,68
user-230,-0.1267605633802817,11.428571428571429,5135.271293375395,5.4061093585699265,1.1660695057833859,415.4030668127054,444.0467706013363,498.07787810383746,413.74801362088533,3.9125,2,20,80,24,125
user-231,-1.0344827586206897,60.0,5328.160869565218,5.278782608695652,1.1813121739130434,452.59276018099547,518.1310679611651,518.2821782178218,461.10407239819006,4.3076923076923075,1,7,13,1,24
user-232,-0.16317016317016317,74.2081447963801,5300.186861313869,5.356296141814391,1.154933639207508,359.8769460439326,457.85726989773235,491.9782315978456,367.3601648947711,4.473684210526316,3,415,236,123,345
user-233,1.0,37.5,5130.254237288135,5.46,1.125770338983051,407.17241379310343,516.8703703703703,522.0,543.566371681416,5.0,1,8,5,4,8
user-234,-0.3835616438356164,73.52941176470588,5300.507216494845,5.28979381443299,1.1968754639175259,435.3127659574468,525.4086757990867,480.8855140186916,388.04347826086956,3.575,2,64,35,10,31
user-235,-0.5,18.51851851851852,5497.608540925267,5.212384341637011,1.13634128113879,303.2964285714286,495.07169811320756,405.80152671755724,325.6726618705036,3.5652173913043477,2,15,22,0,55
user-236,-0.75,82.35294117647058,5378.039301310044,5.327467248908296,1.1617748908296945,338.114606741573,348.8510638297872,358.84299516908214,341.82312925170066,3.395348837209302,2,21,41,19,63
user-237,-0.13513513513513514,72.3076923076923,5215.091536050157,5.363435736677117,1.1738,422.4353697749196,504.12699468085106,496.984257357974,405.4848484848485,4.453608247422681,2,154,50,44,105
user-238,0.4857142857142857,61.904761904761905,4996.453730556288,5.4754521486949645,1.1659090957026101,400.4964596949891,433.2443640411912,495.79595846197026,385.49155826183227,5.194174757281553,2,201,199,127,400
user-239,-2.0,30.0,5436.82,5.164599999999999,1.2134200000000002,307.5777777777778,411.67391304347825,370.4222222222222,551.2,3.75,1,5,3,0,10
user-240,-0.25,50.0,4895.582329317269,5.4348995983935735,1.2140172690763051,371.1152263374486,463.0,603.5263157894736,403.87654320987656,2.88,1,10,27,6,30
user-241,-0.40476190476190477,70.2127659574468,5304.372881355932,5.347496740547589,1.1830539765319428,339.3011889035667,486.7964236588721,395.1638418079096,367.80135135135134,4.072727272727272,2,80,58,22,49
user-242,-0.5830721003134797,59.77653631284916,5344.708247117943,5.318318060892699,1.1760345551285842,432.7907188353048,479.21252796420583,478.62112813824587,431.34132668950485,3.808219178082192,2,298,251,96,333
user-243,-1.125,0.0,5449.69,5.2532,1.1431220000000002,338.1938775510204,545.9565217391304,513.2527472527472,384.03092783505156,3.4285714285714284,1,0,7,2,25
user-244,0.6666666666666666,0.0,5826.375939849624,5.263458646616542,1.0870511278195492,271.04651162790697,382.2,379.5625,391.0236220472441,4.125,1,1,7,7,23
user-245,0.2864864864864865,48.97959183673469,5222.082840236686,5.365244755244755,1.160485260892953,384.2373068432671,445.752688172043,463.2799767171129,357.5665901262916,5.0,2,88,91,32,221
user-246,0.06529209621993128,45.16129032258064,5028.312810601878,5.448188845941468,1.1605516013252346,421.28760806916426,475.92873563218393,508.95413380075956,405.3273050696709,4.424,2,199,237,83,435
user-247,0.15467625899280577,28.22085889570552,5166.571574294458,5.384899693981639,1.1746303638218294,400.7502186461431,507.17411204686925,534.8683868572489,405.26136162687885,3.860566448801743,3,147,472,148,860
user-248,-0.8297872340425532,75.0,5362.697050938338,5.284718498659517,1.198266219839142,472.98319327731093,554.5555555555555,517.0369230769231,425.0261627906977,3.1739130434782608,2,23,46,7,47
user-249,-1.3333333333333333,0.0,6751.5,4.69,1.1208571428571428,371.38461538461536,1166.6666666666667,1643.6666666666667,653.8461538461538,1.5,1,0,3,0,1
user-250,0.3716216216216216,67.3469387755102,5115.966972477064,5.4229541284403675,1.1827068501529052,430.75648323845667,520.3234519104084,524.7278225806451,439.1731266149871,3.4,2,74,165,39,204
user-251,-0.6835443037974683,71.7948717948718,5312.351092896175,5.293155737704918,1.1829112021857924,458.67130919220057,591.3522388059702,557.7125,435.99414348462665,3.7241379310344827,2,71,57,13,48
user-252,-0.36363636363636365,86.66666666666667,5047.567346938776,5.422040816326531,1.1803167346938774,420.5531914893617,421.3304721030043,480.98706896551727,412.7566371681416,3.6923076923076925,1,34,25,8,9
user-253,0.0,50.0,5306.504447268107,5.341448538754765,1.1900006353240151,425.7839262187088,545.5033921302578,538.9598337950139,435.42255434782606,4.228070175438597,2,29,61,12,90
user-254,-0.1791044776119403,58.620689655172406,5162.493411420205,5.399590043923865,1.173410541727672,476.4603658536585,486.7742946708464,557.9778481012659,473.8228840125392,4.955555555555556,2,34,41,22,84
user-255,0.31007751937984496,41.29032258064516,5147.646759070526,5.423165511618427,1.1625105177333874,487.05087979648084,515.7995661605206,526.9720633523978,518.3119911991199,4.436781609195402,2,175,340,137,584
user-256,-0.9117647058823529,80.0,5685.857908847185,5.234718498659518,1.16528927613941,428.296918767507,631.6162790697674,557.8765060240963,418.90112994350284,4.391304347826087,2,20,18,10,17
user-257,0.8571428571428571,50.0,4829.351254480287,5.491397849462365,1.1966670250896057,365.34065934065933,525.4097744360902,413.76356589147287,264.43359375,4.0,2,21,21,4,33
user-258,1.0,0.0,4698.385714285714,5.529714285714287,1.1821214285714283,498.7536231884058,576.1911764705883,374.258064516129,400.2352941176471,4.2,1,4,4,0,13
user-259,-1.25,34.375,5296.161157024793,5.356776859504131,1.2020429752066117,330.01271186440675,480.92035398230087,480.10434782608695,384.0127659574468,3.0,1,23,30,13,29
user-260,0.07236842105263158,53.333333333333336,5190.590537383177,5.392646028037382,1.160682593457944,464.3122721749696,483.7334167709637,553.7845373891001,449.0265319014529,3.4655172413793105,2,29,164,36,240
user-261,-0.40540540540540543,64.28571428571429,4997.54932735426,5.435964125560537,1.2183387892376683,377.00694444444446,501.76528117359413,439.57393483709274,405.903073286052,2.9791666666666665,2,52,50,9,25
user-262,-1.411764705882353,66.66666666666666,5193.970297029703,5.304554455445545,1.2220831683168318,407.010101010101,617.4719101123595,552.7241379310345,367.7916666666667,2.6875,1,9,15,0,13
user-263,0.4246575342465753,39.02439024390244,5068.733307377847,5.409672960872104,1.1924859256375318,390.27735773975326,590.324983943481,596.7621455264893,422.6351931330472,2.8419452887537995,3,303,641,91,608
user-264,-0.35106382978723405,75.0,5167.738544474393,5.3912578616352205,1.1804224618149146,384.7240411599626,561.1868884540118,542.2611717974181,392.0194931773879,3.84375,2,34,96,20,103
user-265,-0.3787878787878788,72.22222222222221,5099.722222222223,5.411545893719807,1.1827192028985507,436.50931677018633,555.8253557567917,581.4083769633507,439.72445019404915,3.8529411764705883,2,63,63,21,58
user-266,1.5,100.0,5035.896551724138,5.416206896551724,1.1471517241379312,570.9107142857143,618.8461538461538,713.2352941176471,583.7321428571429,3.0,2,7,5,1,5
user-267,-0.44970414201183434,58.82352941176471,5207.52841781874,5.364910394265233,1.1606878136200718,392.75066172578084,514.3817494600432,495.23093922651935,390.38637602179836,4.019736842105263,2,171,143,52,141
user-268,0.3395348837209302,46.85714285714286,5071.444960952027,5.44855150613611,1.1600228151729266,456.7198351971748,494.81580499311974,586.5862068965517,431.34934143870316,4.476839237057221,3,142,338,160,706
user-269,0.4444444444444444,92.0,4866.341911764706,5.521966911764705,1.1710963235294116,519.3075435203094,452.16173570019726,536.081466395112,541.0849802371541,3.673469387755102,2,39,49,17,57
user-270,1.0,0.0,5618.974358974359,5.263589743589743,1.1154025641025642,287.4102564102564,528.027027027027,653.8157894736842,219.4102564102564,3.25,1,3,2,1,5
user-271,-0.5833333333333334,88.88888888888889,5288.337278106509,5.313491124260355,1.207068047337278,365.30120481927713,666.2848101265823,550.6666666666666,407.0987654320988,3.08,1,10,28,3,13
user-272,-1.5263157894736843,58.333333333333336,5119.321167883211,5.289562043795621,1.2506817518248174,395.43283582089555,691.8818897637796,664.1451612903226,430.8496240601504,3.3846153846153846,1,14,9,2,11
user-273,-0.5405405405405406,57.14285714285714,5278.391549295775,5.3192957746478875,1.189412957746479,407.9035087719298,518.7018072289156,617.9442724458204,401.20771513353117,3.769230769230769,2,41,23,8,24
user-274,-0.26666666666666666,88.88888888888889,5105.776960784314,5.406225490196079,1.1927110294117647,419.0326633165829,603.2545454545455,559.5520833333334,411.9596774193548,5.888888888888889,1,22,16,7,34
user-275,-0.4444444444444444,34.84848484848485,5412.22555410691,5.289061277705345,1.1606114732724901,487.9427792915531,476.925,550.1481481481482,437.0013812154696,3.36046511627907,2,55,84,21,97
user-276,-0.05555555555555555,100.0,5265.863945578231,5.3408163265306134,1.2055802721088436,461.5486111111111,497.625,482.84328358208955,439.3125,3.4375,1,15,15,6,12
user-277,-1.1304347826086956,40.0,5432.4140625,5.228046875,1.2317367187500001,412.328,514.1848739495798,556.6837606837607,417.3739837398374,3.125,1,3,5,2,18
user-278,-0.15,63.1578947368421,4978.730027548209,5.441900826446282,1.1850278236914602,303.9915730337079,354.8035190615836,376.8123167155425,332.63142857142856,3.896551724137931,1,52,31,6,18
user-279,-0.2222222222222222,66.66666666666666,5283.253658536585,5.368048780487804,1.1431463414634147,552.3128205128205,504.3979057591623,507.6373626373626,413.989417989418,3.611111111111111,1,9,18,4,18
user-280,-0.47368421052631576,76.92307692307693,5076.10989010989,5.427948717948718,1.166484249084249,525.5074626865671,542.0736434108527,529.612,529.9812030075188,5.0,2,18,12,8,12
user-281,-1.1666666666666667,85.71428571428571,5466.725239616613,5.231054313099041,1.163684984025559,457.55737704918033,504.5344827586207,610.7152777777778,348.44147157190633,3.689655172413793,2,32,27,2,29
user-282,-0.9384615384615385,76.47058823529412,5215.628169014085,5.33487323943662,1.1894585915492957,431.47467438494937,583.6884498480243,581.9195583596214,491.3644444444444,3.219178082191781,2,67,78,18,37
user-283,0.13613861386138615,32.35294117647059,5147.860194174757,5.4113915857605175,1.1755415965480043,442.90763409748496,475.09961501443695,499.76078526417837,417.3941285251965,2.9980237154150196,2,190,510,117,558
user-284,0.9285714285714286,100.0,5264.27731092437,5.407731092436975,1.1279966386554625,536.0338983050848,529.2342342342342,403.77669902912623,440.6636363636364,2.5,1,8,16,6,9
user-285,0.6666666666666666,84.375,5166.631091918569,5.438667489204195,1.1347044417026526,412.9013539651838,577.1037859007832,529.8676671214188,439.84886817576563,5.628571428571429,2,115,60,48,102
user-286,0.1130820399113082,53.03030303030303,5173.792485055508,5.3823014517506405,1.1745828778821519,494.76210573078635,541.779926335175,590.1214336241452,455.6780521578583,4.140845070422535,2,196,366,109,572
user-287,0.07407407407407407,42.857142857142854,4796.329032258064,5.49258064516129,1.2350916129032257,407.68,376.0534351145038,629.231884057971,453.751677852349,3.235294117647059,2,8,17,1,23
user-288,0.017241379310344827,65.0,4993.79802259887,5.458757062146892,1.1622053672316384,334.05668604651163,475.2927536231884,471.7056213017751,344.61242603550295,4.465116279069767,3,27,40,14,99
user-289,-0.47619047619047616,100.0,5035.292397660819,5.3697660818713455,1.2276888888888888,445.07975460122697,610.8238993710692,658.7368421052631,459.78395061728395,2.68,1,22,24,2,5
user-290,0.5,28.57142857142857,4991.496062992126,5.469921259842519,1.1678706692913388,421.54526748971193,506.4566596194503,502.9373650107991,390.8466386554622,5.035714285714286,2,14,20,7,85
user-291,0.15942028985507245,41.66666666666667,5216.62540192926,5.383810289389068,1.181129421221865,457.4782608695652,508.5821917808219,528.1678321678322,491.74744027303757,3.357142857142857,2,24,65,18,74
user-292,-0.6341463414634146,41.30434782608695,5494.715642811906,5.309981000633312,1.1387614946168463,563.5670937289278,583.5469613259669,605.7247386759582,526.6307023895728,4.290322580645161,2,64,88,69,98
user-293,0.3394683026584867,59.55882352941176,5103.57130598936,5.427950918139694,1.1551995366397803,387.46219686162624,452.0761939482319,495.5935171385991,397.94354838709677,3.7748478701825556,2,371,431,132,678
user-294,1.1627906976744187,43.75,4874.24716981132,5.521603773584905,1.1628513207547169,412.064128256513,553.2458677685951,571.5402542372881,490.41701244813277,3.72,2,22,48,19,53
user-295,0.9722222222222222,31.57894736842105,4781.917344173442,5.562940379403794,1.181650406504065,355.45569620253167,382.82602339181284,419.3106936416185,372.42346208869816,4.384615384615385,2,9,53,12,97
user-296,0.35424354243542433,48.466257668711656,4954.0360262008735,5.458790029112081,1.166700363901019,413.4335227272727,456.9043757072803,531.4287626697266,412.84897643877946,4.376315789473685,2,156,389,156,764
user-297,-0.328125,46.15384615384615,5311.934939759036,5.3256385542168685,1.1900253012048192,480.1281407035176,722.3029490616622,660.0708446866485,517.8067010309278,3.477272727272727,2,35,41,7,39
user-298,0.21951219512195122,61.81818181818181,4760.154581225407,5.505823496346262,1.2126238898257449,361.77841892671665,513.0597758405978,487.687263556116,389.4468085106383,2.628099173553719,2,112,270,22,221
user-299,0.5,50.0,4976.119205298013,5.468476821192053,1.1496079470198675,296.9127516778523,455.6896551724138,428.53146853146853,323.2260273972603,3.5,2,8,13,3,23
user-300,-0.14893617021276595,62.5,5367.740837696335,5.336151832460733,1.1564094240837695,420.52197802197804,573.5054644808744,598.6723163841808,429.70338983050846,7.0,2,29,14,9,38
user-301,0.38461538461538464,20.0,4910.982142857143,5.474107142857143,1.170047619047619,387.748502994012,456.95652173913044,492.3703703703704,429.8988095238095,3.6875,2,5,13,1,28
user-302,0.3125,66.66666666666666,4929.366600790514,5.482420948616601,1.1640568181818183,394.2010101010101,407.4908536585366,446.89690721649487,347.2897489539749,5.087719298245614,2,47,57,31,129
user-303,-0.22950819672131148,81.53846153846153,5048.821260583255,5.43543744120414,1.172263875823142,441.59802955665026,475.93463414634147,498.222,500.1289340101523,4.383561643835616,2,131,61,29,58
user-304,0.16666666666666666,0.0,5240.275,5.266499999999999,1.1955425,182.925,590.918918918919,431.3611111111111,265.05,2.75,1,0,4,0,8
user-305,-0.09615384615384616,51.85185185185185,5226.943127962085,5.3445971563981045,1.1572094786729858,397.9055690072639,536.7671957671957,550.3163538873995,414.6014851485148,3.8620689655172415,1,36,33,9,43
user-306,0.22727272727272727,36.0,4981.931282722513,5.4503206806282725,1.178058115183246,444.05438477226375,511.52414275717285,553.733752620545,433.3613445378151,4.28421052631579,2,58,105,20,166
user-307,-0.11392405063291139,86.36363636363636,5145.770096463022,5.407636655948553,1.1865091639871381,354.3201320132013,529.2775862068966,503.7336860670194,329.7011884550085,3.260869565217391,2,53,44,20,37
user-308,-0.05714285714285714,45.45454545454545,4959.1388101983,5.439688385269122,1.2226779036827196,433.1072463768116,512.3466257668712,501.41875,418.0,3.9393939393939394,2,21,28,5,44
user-309,-0.425531914893617,53.333333333333336,5278.08956109134,5.338653618030843,1.1785983392645314,440.1383108935129,520.4692307692308,534.6927631578948,484.1676012461059,3.7687074829931975,2,90,153,29,168
user-310,0.07407407407407407,84.21052631578947,4891.575892857143,5.4644642857142856,1.1646955357142856,474.1506849315069,511.4788732394366,515.7677725118483,428.3785046728972,5.222222222222222,2,27,10,5,15
user-311,0.5972222222222222,58.82352941176471,5038.722054380664,5.424425981873112,1.1859688821752266,428.2921875,540.1512738853503,568.2483660130719,409.1470113085622,3.6346153846153846,2,59,21,8,52
user-312,0.2537878787878788,70.27027027027027,5011.628774422736,5.438763765541741,1.1767652930728243,405.97071742313324,520.0654739246288,511.4881369117075,410.59746079163557,3.8803827751196174,3,181,223,56,354
user-313,0.5930232558139535,63.1578947368421,4927.953164556962,5.4713417721518995,1.1564430379746835,347.01940491591205,449.8706666666667,451.72054794520545,393.4624505928854,3.9272727272727272,2,80,51,14,76
user-314,-0.16666666666666666,100.0,5182.081395348837,5.357209302325582,1.1751034883720932,374.69879518072287,487.93589743589746,462.38666666666666,474.4,3.0,1,5,6,4,12
user-315,0.6666666666666666,0.0,4824.736842105263,5.315789473684211,1.3558842105263156,188.27777777777777,451.875,807.3529411764706,168.38888888888889,4.0,1,4,1,0,0
user-316,0.686046511627907,47.05882352941176,5199.971915747242,5.4092978936810425,1.1415069207622868,410.80041152263374,426.287991498406,462.0833333333333,400.8248407643312,4.492063492063492,2,28,56,27,136
user-317,-0.2485207100591716,44.44444444444444,5224.800285306705,5.381816452686638,1.1731000475511173,389.02300538423884,467.7458592132505,467.583949313622,406.8865107018417,3.7873563218390807,2,90,172,53,282
user-318,0.2606516290726817,53.03030303030303,4892.755065285907,5.489196307969384,1.1865886762719495,377.51896672096814,454.7268733219429,499.82979249011856,391.66305627501765,3.77807486631016,3,157,353,93,676
user-319,-0.20430107526881722,17.333333333333336,5331.466165413533,5.364411027568922,1.146394903926483,412.47309027777777,427.54460719041276,484.3379837983798,419.63940193491646,4.840579710144928,2,25,124,98,343
user-320,-0.03333333333333333,94.11764705882352,5262.182103610675,5.358367346938775,1.131963108320251,372.5330112721417,449.08925619834713,466.5692567567568,358.26666666666665,4.4523809523809526,2,41,34,11,86
user-321,-0.8,73.52941176470588,5024.328611898017,5.420453257790369,1.1906033994334277,399.700288184438,534.140243902439,565.4153846153846,473.25588235294117,4.833333333333333,1,48,18,11,25
user-322,0.008888888888888889,67.57990867579909,5182.31592403214,5.395995252008766,1.177627775748722,442.5691866028708,514.9330576885213,520.2337846029501,474.72289635965785,4.2405063291139244,3,359,440,133,496
user-323,-0.37089201877934275,76.59574468085107,5314.393724318266,5.357867015315652,1.1613908106088906,403.29727656309933,531.7590216519648,506.6333333333333,422.7745253164557,4.218085106382978,2,184,196,64,231
user-324,0.2777777777777778,67.74193548387096,4867.43041749503,5.494731610337972,1.1860662027833002,421.2487153134635,523.5805763073639,532.6161395856052,402.3372216330859,3.1666666666666665,2,53,97,16,117
user-325,0.25252525252525254,83.87096774193549,5214.592628516004,5.379582929194957,1.1736422890397673,386.7647058823529,509.411704312115,523.4,409.3868986693961,3.42,2,59,95,23,104
user-326,-0.1926605504587156,60.0,5200.043370508055,5.333370508054524,1.1854552664188351,440.1374837872892,679.0284167794316,608.1251778093883,451.94187582562745,3.5588235294117645,2,59,74,13,86
user-327,0.2631578947368421,84.61538461538461,4903.148936170212,5.443262411347518,1.1694794326241136,310.1,483.3703703703704,507.68888888888887,344.51798561151077,3.0,2,20,9,5,11
user-328,-0.5,50.0,4373.952380952381,5.639047619047618,1.1529238095238097,325.05,911.9444444444445,827.6470588235294,498.0,3.5,1,1,2,0,4
user-329,-0.782608695652174,87.5,5531.544680851064,5.235744680851063,1.1829336170212765,589.5990990990991,771.2201834862385,733.5343137254902,577.8779342723004,4.117647058823529,1,19,15,3,12
user-330,-0.12857142857142856,78.57142857142857,5354.426307448494,5.316402535657687,1.1765226624405705,518.8739495798319,544.4258289703316,576.6954954954955,495.08947368421053,4.34375,1,32,40,16,60
user-331,-0.16393442622950818,75.0,5289.971042471043,5.315907335907335,1.19052277992278,427.64214711729625,503.7808510638298,516.8605664488017,440.3726708074534,3.450980392156863,2,59,49,13,34
user-332,-0.5714285714285714,77.77777777777779,4853.295358649789,5.432869198312237,1.1813506329113923,354.6696035242291,437.33644859813086,408.3127962085308,409.6842105263158,3.789473684210526,2,34,18,6,8
user-333,0.14634146341463414,88.88888888888889,5070.852367688022,5.435626740947074,1.183433426183844,389.4166666666667,552.104347826087,543.9670658682635,450.399416909621,3.793103448275862,1,31,32,7,22
user-334,-0.1702127659574468,86.36363636363636,5325.652968036529,5.357420091324201,1.168463698630137,435.4987951807229,507.38349514563106,479.6501240694789,401.8985507246377,3.382978723404255,2,41,45,26,32
user-335,-1.289855072463768,87.09677419354838,5448.470588235294,5.304493116395494,1.1641500625782228,462.06675392670155,486.7506631299735,562.7680763983628,480.5861148197597,4.528301886792453,2,62,49,28,59
user-336,-1.0121951219512195,86.48648648648648,5295.166666666667,5.304754901960784,1.1980495098039217,470.4680306905371,539.6783398184176,577.754691689008,462.85714285714283,4.571428571428571,2,62,43,23,58
user-337,-0.06802721088435375,62.745098039215684,5133.48706038487,5.402634372926344,1.1846132714001327,428.6063100137174,523.7928571428571,503.8669117647059,433.2972027972028,4.247524752475248,2,88,86,34,122
user-338,-0.04,83.33333333333334,5113.1259842519685,5.3678346456692925,1.198294094488189,416.24899598393574,606.5274261603375,468.11504424778764,455.2962962962963,5.125,1,30,4,2,18
user-339,-0.15789473684210525,62.5,5250.485074626866,5.409477611940297,1.1667093283582088,434.35,582.6558704453441,607.0728744939271,446.8483606557377,3.6666666666666665,2,28,22,7,20
user-340,-0.004464285714285714,41.66666666666667,5181.979045001718,5.403170731707317,1.1696566128478187,418.2237312365976,473.69515353311135,481.65046728971964,417.764,5.115853658536586,2,93,148,88,333
user-341,0.2,40.0,4990.847457627118,5.417203389830509,1.1808906779661015,465.3893805309734,758.0900900900901,701.824074074074,454.85185185185185,3.2142857142857144,1,5,12,2,7
user-342,0.7796610169491526,62.96296296296296,4811.795180722892,5.529191049913941,1.1844667814113599,477.9859402460457,495.07007575757575,526.4184261036469,452.2854578096948,3.517857142857143,2,47,53,8,61
user-343,0.028169014084507043,47.39583333333333,5231.128071997231,5.390719972308758,1.1497648667358946,415.38549892318736,451.2642599277978,475.16544387380776,412.2283698477534,4.803680981595092,2,140,144,86,363
user-344,0.10810810810810811,62.5,5362.443786982249,5.339526627218934,1.1868423076923076,444.5287009063444,636.4411764705883,646.3511705685619,439.7151898734177,4.625,2,19,22,11,21
user-345,-0.0449438202247191,26.923076923076923,5068.4939564867045,5.427365028203062,1.1884497985495568,356.3072439633639,461.49744027303757,471.06672443674177,357.9603448275862,4.0,2,40,89,21,167
user-346,0.07508532423208192,59.64912280701754,5195.406326781327,5.396655405405406,1.164923832923833,490.62294022617124,535.1278763971071,555.4067453625632,517.9672787979966,4.752525252525253,2,134,181,72,373
user-347,0.7037037037037037,100.0,5060.842857142857,5.438714285714286,1.1710542857142858,453.4812030075188,684.140625,725.432,406.81889763779526,4.625,1,4,9,3,12
user-348,0.5521472392638037,71.11111111111111,4827.9925093632955,5.504689138576779,1.1911337078651687,370.0397505845674,496.2374501992032,559.6112903225807,406.13672496025436,3.1313868613138687,2,104,126,24,165
user-349,0.20465116279069767,41.0958904109589,5027.483185072684,5.445953569103928,1.16603935777826,404.9488508337089,508.41773602199817,510.1353803210049,382.7333796618022,3.7768817204301075,2,170,386,120,595
user-350,-0.27419354838709675,13.793103448275861,5262.7091882248,5.324121320249777,1.1253101694915253,481.8,484.08325358851675,550.4472410454986,502.12395153774463,4.875,2,17,73,22,188
user-351,-0.9411764705882353,40.0,5279.430463576159,5.34953642384106,1.1434264900662252,356.2013422818792,499.26056338028167,566.6312056737588,339.2945205479452,2.9,2,3,20,4,19
user-352,0.05555555555555555,25.0,5363.083743842364,5.356354679802957,1.1592,551.0452261306533,507.4406779661017,490.73988439306356,477.89285714285717,3.4444444444444446,1,4,15,6,23
user-353,0.18181818181818182,80.0,4951.309278350515,5.5013917525773195,1.1696190721649484,318.7027027027027,371.2826086956522,388.84615384615387,346.28494623655916,4.333333333333333,1,9,13,5,26
user-354,0.6833333333333333,21.21212121212121,4835.423664122138,5.518832061068703,1.1903542748091602,390.0251770259638,517.2038523274479,498.1300411522634,413.1504854368932,3.6271186440677967,2,45,135,27,210
user-355,-0.44680851063829785,43.333333333333336,5183.098893949252,5.377436564736499,1.1709945348080677,428.51861882193634,447.49690721649483,513.4954703832752,401.0117728531856,3.8359375,2,56,117,25,209
user-356,-0.08058608058608059,52.38095238095239,5078.005708169818,5.4091758829825185,1.1626330717088835,314.5235831809872,424.69779802581627,483.4927035330261,312.64383057090237,4.445783132530121,2,107,173,62,479
user-357,0.6885964912280702,71.42857142857143,4885.442517343905,5.498230921704658,1.187094003964321,356.9113924050633,490.6919853326349,526.167728237792,387.2558853633572,3.844311377245509,2,107,171,36,234
user-358,-0.8333333333333334,0.0,5174.743055555556,5.376666666666667,1.1712312500000002,288.5,350.11764705882354,393.2700729927007,243.61481481481482,4.857142857142857,1,6,8,3,17
user-359,-0.04831932773109244,77.7027027027027,5390.229189996267,5.3294960806271,1.1523460059723778,501.3012453053963,552.7699185376515,579.3665158371041,455.6687293729373,4.870967741935484,2,284,235,165,416
user-360,0.36666666666666664,76.47058823529412,4877.464751958225,5.495587467362924,1.1803738903394256,549.4475138121547,565.8131868131868,536.5921787709498,647.920227920228,4.954545454545454,2,26,20,11,31
user-361,-0.625,50.0,5110.59298245614,5.444842105263158,1.1789631578947368,287.72727272727275,423.9700374531835,464.11787072243345,279.85555555555555,4.2105263157894735,2,14,21,7,51
user-362,-1.0714285714285714,25.0,5154.486842105263,5.346578947368421,1.273771052631579,404.31944444444446,610.8484848484849,497.22222222222223,440.2191780821918,8.5,1,6,6,2,7
user-363,0.4896907216494845,38.21138211382114,5040.379729098552,5.456417561886969,1.145642503503036,389.81962481962483,437.46262823644355,475.92433234421367,374.84056557776694,4.2439024390243905,2,90,161,52,320
user-364,-0.24,41.86046511627907,4889.5698113207545,5.446962264150943,1.1850862264150943,471.9137254901961,533.7559055118111,531.4381338742394,463.781746031746,3.673469387755102,2,55,46,12,42
user-365,0.24678111587982832,24.479166666666664,5148.980084596405,5.421291857596052,1.1656644871342967,452.2072834283612,510.15277777777777,536.5892822596247,436.3359168241966,3.8525252525252527,2,173,463,177,684
user-366,-0.7755102040816326,57.14285714285714,5390.938069216758,5.288105646630237,1.1754806921675773,338.7523452157599,442.8582677165354,497.4604743083004,355.3893129770992,3.761904761904762,2,25,38,15,62
user-367,-0.35294117647058826,81.81818181818183,5383.54128440367,5.317981651376146,1.1706798165137615,426.10828025477707,507.4318181818182,538.9464882943143,388.26229508196724,4.619047619047619,2,34,19,15,22
user-368,-0.5539568345323741,82.25806451612904,5024.825301204819,5.432612267250822,1.200947426067908,408.9398625429553,494.11044417767107,487.0377358490566,436.55049620548743,3.3555555555555556,2,139,174,50,158
user-369,0.009433962264150943,65.27777777777779,5143.268558103381,5.4149902837155075,1.1501530897784686,435.85889070146817,512.758210180624,537.4111952861953,460.9767047861076,4.848484848484849,2,157,123,72,230
user-370,-0.05,60.317460317460316,5132.637319828594,5.42266069341644,1.1680567199065057,450.52710355987057,509.4792358803987,504.3454003407155,467.1516023007395,4.2102272727272725,2,68,166,71,336
user-371,-0.045454545454545456,40.0,5243.43537414966,5.374591836734694,1.165180612244898,316.62587412587413,386.95272727272726,354.3639705882353,306.0140350877193,4.578947368421052,2,8,14,7,50
user-372,0.13402061855670103,36.0,5072.5959944751385,5.457783149171271,1.1699081491712708,443.9957142857143,431.7981254506128,455.2683103698332,461.3318352059925,5.818181818181818,2,44,69,34,187
user-373,-0.4157303370786517,67.6056338028169,5187.534624697337,5.378842615012108,1.1813627118644068,411.965903307888,528.8865703584805,551.3100054674686,438.1599386816556,4.568965517241379,2,159,100,81,202
user-374,0.018018018018018018,47.05882352941176,5163.450030656039,5.412832618025751,1.1607344573881055,378.59353202282813,428.07742355237474,445.45,383.28201811125484,4.5576923076923075,2,109,100,44,214
user-375,0.032467532467532464,57.77777777777777,5108.719858156029,5.438622931442081,1.1654982860520096,416.41118623232944,469.5662878787879,492.9386701097482,466.23316708229424,4.920792079207921,2,164,103,56,153
user-376,0.896551724137931,60.0,4865.909090909091,5.537239057239057,1.1664242424242424,365.2160278745645,456.97849462365593,516.5869565217391,442.5644599303136,3.9565217391304346,1,9,24,7,32
user-377,0.7419354838709677,58.333333333333336,4714.725457570716,5.544542429284526,1.1922014975041595,367.368330464716,465.7023593466425,477.3534798534798,454.10726643598616,3.0,3,18,67,9,82
user-378,0.0,100.0,5055.175675675676,5.449054054054054,1.1206878378378378,256.43055555555554,537.3055555555555,565.5277777777778,241.94444444444446,4.6,2,3,6,2,14
user-379,-0.9272727272727272,60.71428571428571,5236.149032992036,5.363447098976108,1.173678725824801,398.4643274853801,523.6574519230769,481.6779252110977,392.45072115384613,5.871794871794871,2,73,39,38,58
user-380,0.4722222222222222,50.0,4941.2336182336185,5.456866096866097,1.1564162393162394,260.23598820059,404.9561403508772,459.75366568914956,305.1899109792285,4.541666666666667,2,30,25,5,37
user-381,0.5909090909090909,100.0,4636.01875,5.526750000000001,1.2076606250000002,349.6163522012579,461.8211920529801,503.91333333333336,260.05882352941177,3.6153846153846154,1,8,8,4,23
user-382,-0.6666666666666666,33.33333333333333,5225.37786259542,5.358702290076336,1.1391435114503816,392.84705882352944,470.366935483871,609.5362903225806,377.4959677419355,4.65,2,9,18,8,20
user-383,-0.3142857142857143,66.66666666666666,4976.615873015873,5.43784126984127,1.2092549206349206,380.13680781758956,407.67558528428094,452.2675585284281,362.3377049180328,4.611111111111111,2,7,21,9,48
user-384,-0.19369369369369369,29.03225806451613,5312.126613184513,5.354161144053017,1.1536354028601326,385.53268327916214,469.43062730627304,491.3150429264651,381.82553035844916,5.413793103448276,2,89,142,102,356
user-385,0.8181818181818182,58.333333333333336,5016.909090909091,5.4657053291536055,1.172507210031348,440.88102893890675,471.54397394136805,542.3881578947369,361.28231292517006,3.15625,2,11,32,9,36
user-386,-0.22641509433962265,59.09090909090909,5196.57171314741,5.343187250996015,1.1872274900398407,511.44490644490645,591.2008733624455,616.5245535714286,525.9957627118644,3.707317073170732,2,49,33,3,31
user-387,-0.4,8.333333333333332,5283.485013623978,5.325613079019074,1.157049863760218,397.3501400560224,451.6949152542373,508.2457142857143,320.32456140350877,3.533333333333333,2,5,31,3,73
user-388,1.0169491525423728,100.0,4806.940936863543,5.532362525458249,1.175531568228106,250.1043841336117,395.5801687763713,446.3134328358209,281.70649895178195,4.161290322580645,2,20,31,8,77
user-389,-0.8018018018018018,34.78260869565217,5027.322742474917,5.4326254180602,1.2021200668896321,347.4015280135823,471.0252479711452,434.6299357208448,337.8357695614789,3.6930693069306932,2,42,110,25,152
user-390,-0.5454545454545454,30.76923076923077,4990.854304635762,5.420695364238411,1.195776821192053,260.76254180602007,402.63986013986016,475.57785467128025,237.97635135135135,6.7,2,12,1,2,53
user-391,-0.9285714285714286,100.0,5182.5887096774195,5.39483870967742,1.177539516129032,379.42622950819674,647.6851851851852,390.9428571428571,300.56637168141594,2.25,2,9,20,4,14
user-392,-1.3333333333333333,50.0,5809.416666666667,5.166333333333333,1.1430250000000002,520.6333333333333,785.4363636363636,538.3846153846154,398.05263157894734,4.75,1,5,4,2,4
user-393,0.13333333333333333,71.42857142857143,5203.125,5.369431818181818,1.1540164772727273,358.4219653179191,477.875,439.030303030303,365.0833333333333,4.583333333333333,1,21,11,5,14
user-394,0.010067114093959731,54.54545454545454,5282.114592462752,5.375863277826468,1.157102366345311,467.77225011410314,444.62819916240113,486.9466855390422,461.95018975332067,4.631205673758865,3,212,274,131,388
user-395,-0.014084507042253521,85.0,5006.966124661247,5.4430352303523035,1.1955124661246612,371.31276297335205,453.64,482.58031837916064,384.54971590909093,3.9814814814814814,2,40,52,22,83
user-396,0.019801980198019802,65.51724137931035,5039.659620991254,5.445524781341108,1.1653554664723031,372.52683295540436,472.42558139534884,463.1957547169811,405.5804464973056,3.707317073170732,2,50,118,27,165
user-397,-0.35,100.0,4775.961538461538,5.394615384615385,1.29745,360.34615384615387,566.4305555555555,528.6285714285714,436.46666666666664,2.0,1,7,12,0,5
user-398,0.35714285714285715,88.88888888888889,4529.149171270718,5.567348066298343,1.1674397790055249,447.0511363636364,478.74719101123594,652.9884393063584,398.77142857142854,5.1,1,15,11,7,17
user-399,0.5714285714285714,75.0,4961.603773584906,5.477811320754717,1.1818011320754718,447.26171875,491.4717741935484,447.2734693877551,507.3927125506073,5.0,2,21,12,5,20
user-400,-0.5925925925925926,100.0,4922.252427184466,5.411019417475727,1.1981912621359223,501.3874345549738,523.2397959183673,628.7606382978723,541.0932642487047,4.857142857142857,2,29,13,3,11
user-401,0.35555555555555557,48.148148148148145,5110.985482493596,5.431853116994023,1.1552603757472246,401.76232394366195,519.9109090909091,516.8640595903166,373.4796380090498,4.569444444444445,2,74,56,24,118
user-402,-0.13559322033898305,17.647058823529413,5189.926388888889,5.391805555555555,1.2012718055555556,539.5144927536232,525.6575757575757,641.987786259542,507.0712121212121,4.695652173913044,2,17,43,20,62
user-403,1.0,25.0,4843.674300254453,5.544376590330788,1.1584045801526717,421.1119791666667,505.60497237569064,495.3324175824176,417.31182795698925,4.1875,1,6,28,11,43
user-404,-0.44,42.857142857142854,4990.4125874125875,5.38923076923077,1.243583916083916,802.3695652173913,942.7068965517242,943.2110091743119,654.9076923076923,3.0,1,6,26,3,9
user-405,-0.3,33.33333333333333,5478.67892503536,5.262164073550212,1.1403390381895333,423.7228739002933,492.7157738095238,507.97108066971083,411.59643916913944,4.921052631578948,2,23,37,17,75
user-406,-1.0,100.0,5815.323529411765,5.175882352941176,1.117755882352941,424.6470588235294,720.1333333333333,479.7857142857143,367.24242424242425,3.5,1,1,4,0,2
user-407,0.6644736842105263,54.60526315789473,5025.442473303479,5.4541095418532555,1.1565221839476403,367.19799857040744,446.42805364262415,478.1434388302795,362.3958333333333,5.838174273858921,3,246,198,183,714
user-408,1.0,100.0,5099.663934426229,5.450901639344262,1.1313647540983607,479.45258620689657,548.977973568282,611.5565610859728,474.7579908675799,3.590909090909091,2,12,18,5,15
user-409,0.11458333333333333,65.4320987654321,5016.2428995337,5.451042814752014,1.1835702416278084,375.99522569444446,441.9459336665152,438.1830336560627,355.8150623885918,3.872448979591837,2,135,154,55,295
user-410,0.40476190476190477,55.00000000000001,5098.974358974359,5.427995337995338,1.1567941724941724,343.63829787234044,489.54146341463417,432.6281407035176,399.26150121065376,4.357142857142857,2,35,27,11,37
user-411,-0.2760416666666667,77.77777777777779,5098.844099077222,5.382161243322001,1.200517532782904,430.3035,566.4318658280922,581.3178126691932,467.55172413793105,4.117241379310345,2,209,88,41,112
user-412,0.17691154422788605,16.23931623931624,5104.3724401249565,5.403920513710517,1.1825088337382854,460.61570100143064,533.1673756241909,582.4027123752119,443.622977640429,3.605058365758755,2,103,468,106,840
user-413,-0.18181818181818182,71.42857142857143,5283.315104166667,5.330572916666667,1.1644427083333333,350.15135135135137,419.3593314763231,484.99718309859156,304.1013698630137,3.607142857142857,2,11,29,10,55
user-414,-0.43661971830985913,92.10526315789474,5208.825242718447,5.347378640776699,1.1945379387602688,371.08789514263685,452.8594249201278,450.07371007371006,351.0156862745098,4.819672131147541,2,73,44,27,152
user-415,-0.5333333333333333,75.0,5587.342391304348,5.239999999999999,1.1600402173913043,475.46994535519127,511.85207100591714,443.73333333333335,345.2471264367816,3.5555555555555554,2,20,17,4,10
user-416,0.09897610921501707,53.73134328358209,5039.248490945674,5.417189805499665,1.1909661301140173,362.323347107438,489.7924324324324,537.5912408759124,380.2226086956522,3.521072796934866,2,145,255,55,388
user-417,0.33076923076923076,70.37037037037037,5108.976544175137,5.421008600469116,1.1565351055512119,434.59323432343234,484.88093255620316,557.5283806343906,422.6390532544379,4.0,2,57,97,28,173
user-418,-0.08823529411764706,62.5,4989.66163141994,5.457129909365559,1.178032326283988,343.25,468.25786163522014,466.4548387096774,346.4620253164557,5.235294117647059,2,9,15,8,36
user-419,-0.35051546391752575,48.275862068965516,5396.726975222066,5.31809724170173,1.1814172510518934,370.6581237911025,488.500512295082,492.2554858934169,391.9757425742574,3.0184331797235022,2,137,209,44,248
user-420,0.7904761904761904,29.629629629629626,5175.448034934498,5.416270742358079,1.1657418340611352,416.5609090909091,485.7255083179298,509.96506137865913,423.42376052385407,4.0777777777777775,2,26,84,23,136
user-421,0.3333333333333333,56.25,5037.398169336385,5.433043478260869,1.1468819221967963,309.27039627039625,400.3898305084746,461.1036144578313,313.6563245823389,3.217391304347826,2,38,40,14,49
user-422,0.0,70.0,4653.6949152542375,5.455593220338984,1.2141949152542373,480.13793103448273,574.9821428571429,568.3454545454546,532.4912280701755,4.666666666666667,1,11,3,1,3
user-423,0.43137254901960786,92.3076923076923,4923.37281553398,5.480485436893203,1.1800852427184465,409.48790322580646,531.4460285132383,570.0041753653445,403.98559670781896,5.151515151515151,1,57,32,16,42
user-424,-0.08453608247422681,61.49253731343284,5150.980010078952,5.404616159919368,1.1650864102133376,418.4947057802465,461.27065932113027,512.311941365749,418.14181364689114,3.9221311475409837,2,586,492,182,465
user-425,-0.3125,66.66666666666666,5304.302158273381,5.255395683453238,1.2055956834532375,355.15441176470586,592.7368421052631,608.976,295.69465648854964,3.6153846153846154,1,14,8,2,8
user-426,-0.058333333333333334,75.0,5208.89519650655,5.37189519650655,1.1683120524017467,454.4266304347826,549.6538821328344,569.7423664122138,471.7712665406427,3.9759036144578315,2,59,83,23,127
user-427,-0.1782178217821782,50.70422535211267,5256.665758401453,5.358201634877385,1.1767813805631246,392.60861423220973,481.7372549019608,475.451,424.26099426386236,3.9347826086956523,2,85,95,30,111
user-428,-0.05042016806722689,36.17021276595745,5018.027427724241,5.432676056338028,1.169973980726464,381.330303030303,411.6677240285488,462.2052715654952,358.3486739469579,3.908256880733945,3,48,101,24,204
user-429,0.36398467432950193,58.79396984924623,5060.93158436214,5.437896090534979,1.1647576131687243,363.8180854821618,481.5347992004361,500.95238095238096,375.5547059894411,4.405882352941177,2,246,261,157,708
user-430,0.47619047619047616,64.70588235294117,4850.537671232877,5.48916095890411,1.1724467465753423,442.63250883392226,517.6470588235294,581.8560885608856,469.16007194244605,4.159090909090909,2,23,43,14,45
user-431,-1.0,62.5,5422.188,5.2954799999999995,1.1743572,440.83196721311475,499.77824267782427,554.2092050209205,366.978813559322,4.294117647058823,2,16,14,9,20
user-432,0.17567567567567569,32.0,5152.582207207207,5.418006756756757,1.1685796171171172,425.1152502910361,441.2609756097561,484.2148148148148,457.79072532699166,3.935483870967742,4,26,61,16,110
user-433,-0.2235294117647059,50.0,4877.418903150525,5.460618436406068,1.1905632438739788,310.6387559808612,449.1884422110553,418.2811704834606,325.843329253366,4.75,2,67,52,16,107
user-434,-0.2885375494071146,71.52317880794702,5354.12886996904,5.326118421052632,1.176862693498452,462.2016161616162,526.9783531409169,517.0963541666666,454.35235732009926,4.55,2,217,140,69,159
user-435,-0.9142857142857143,77.77777777777779,5622.378917378917,5.24054131054131,1.165945868945869,472.91715976331363,532.195652173913,516.6752411575562,454.07384615384615,3.8333333333333335,2,11,25,7,40
user-436,-0.7555555555555555,64.28571428571429,5274.946564885497,5.345229007633589,1.1478570610687024,445.0969696969697,469.4133064516129,555.1,400.3422680412371,5.21875,2,46,30,15,38
user-437,-0.1986754966887417,74.6268656716418,5127.375,5.4060637019230775,1.1703107572115385,359.7237087741133,433.82379134860054,451.9872040946897,366.80564263322884,3.9147286821705425,2,123,143,53,176
user-438,-0.5688729874776386,71.24600638977637,5241.518567141786,5.356941110277569,1.1806142723180795,470.58370775542096,534.134907597536,555.1478843736908,476.79537823424846,4.019230769230769,2,464,394,162,414
user-439,-0.47368421052631576,44.44444444444444,5257.272340425532,5.3808510638297875,1.2006536170212765,370.1904761904762,444.42922374429224,455.15765765765764,347.2544642857143,3.347826086956522,2,14,24,3,27
user-440,-0.24647887323943662,75.0,5167.166666666667,5.370388888888889,1.1828725396825397,395.7154471544715,529.0556506849315,554.2154648132059,389.32639467110744,4.405405405405405,2,122,81,23,96
user-441,0.38498789346246975,26.153846153846157,5005.323911556872,5.456592204239799,1.1850240939138361,387.3399014778325,427.83863256036335,484.4091236494598,371.76303773131457,4.1194444444444445,2,94,233,124,662
user-442,-0.2,0.0,4964.266666666666,5.4236666666666675,1.1688250000000002,536.8474576271186,575.6896551724138,601.8793103448276,305.0,5.25,1,0,4,1,5
user-443,0.25555555555555554,50.0,5147.104265402843,5.418568720379147,1.1784795260663508,349.57795431976166,440.97520661157023,462.7104166666667,400.0438247011952,3.3636363636363638,2,63,99,33,142
user-444,0.5272727272727272,30.357142857142854,5142.210049423394,5.423970345963756,1.1535081136738057,412.9873310810811,424.1353806228374,498.98995194408036,384.94239036973346,4.220430107526882,2,48,209,72,339
user-445,-0.20134228187919462,63.23529411764706,5179.634839650146,5.379067055393586,1.177089139941691,384.8752783964365,595.1069991954947,546.8387096774194,429.4413109756098,4.855072463768116,2,128,54,39,102
user-446,-0.6086956521739131,73.33333333333333,5476.358552631579,5.248684210526316,1.1536131578947368,543.8965517241379,623.6769759450171,569.1788321167883,497.3333333333333,4.277777777777778,1,23,19,12,15
user-447,-0.6346153846153846,90.0,5347.821362799264,5.3033885819521185,1.1531780847145487,464.40996168582376,555.4148727984344,532.2549407114625,493.05765407554674,5.1923076923076925,2,47,26,14,27
user-448,-1.0,0.0,5759.2,5.03,1.16826,368.1,501.2,488.8,382.9,2.0,2,0,1,0,1
user-449,-0.0196078431372549,58.82352941176471,5024.343309859155,5.430739436619718,1.1756894366197184,380.24684684684684,413.5446096654275,531.6877323420074,374.25925925925924,3.740740740740741,2,34,52,8,75
user-450,-0.4406779661016949,52.83018867924528,4981.680887372014,5.4165529010238895,1.2159660409556314,334.77152899824256,472.00369003690037,542.8226691042048,396.35078534031413,3.6666666666666665,1,72,52,9,49
user-451,0.3119266055045872,81.48148148148148,5063.543172690763,5.442530120481928,1.1640345381526105,432.05509355509355,507.10629067245117,499.7147651006711,443.30150214592277,3.3555555555555556,2,88,96,22,97
user-452,-0.4117647058823529,48.38709677419355,5085.1464566929135,5.421795275590552,1.170127244094488,376.9381107491857,405.92988313856426,479.48333333333335,359.458262350937,4.523809523809524,2,37,37,7,87
user-453,0.11188811188811189,59.25925925925925,5019.639871382637,5.417773311897106,1.1765895498392283,320.9212924606462,484.24465355004276,478.3703056768559,337.84991708126034,3.8152173913043477,2,171,89,19,115
user-454,0.5714285714285714,100.0,4595.549019607844,5.569019607843138,1.1973960784313726,449.0,623.7157894736843,706.7052631578947,363.82474226804123,3.75,2,4,7,3,13
user-455,-0.5294117647058824,54.285714285714285,5121.508108108108,5.406432432432433,1.1893243243243241,347.80494505494505,617.919770773639,563.2485207100592,357.73463687150837,5.318181818181818,2,35,22,9,31
user-456,-0.14285714285714285,60.0,5209.024319066148,5.370428015564203,1.157877431906615,489.104462474645,508.029106029106,556.0372736954207,430.30785562632695,4.679245283018868,2,54,54,19,107
user-457,0.0410958904109589,72.72727272727273,5149.8288159771755,5.388316690442226,1.1689833095577744,418.08676470588233,462.040059347181,554.4754098360655,335.7829457364341,3.696969696969697,2,28,62,14,102
user-458,-0.14479638009049775,45.714285714285715,5216.12543554007,5.370955699352912,1.1786065704330513,385.2733776188043,517.0696304231387,526.3857840477482,392.71591498185586,3.0253164556962027,2,75,246,53,237
user-459,-0.17647058823529413,83.33333333333334,4811.682593856655,5.460375426621161,1.2024805460750856,487.01805054151623,708.3178571428572,641.5860805860806,497.27985074626866,4.4375,2,24,11,11,16
user-460,-0.3448275862068966,8.333333333333332,5267.346774193548,5.3788709677419355,1.149510752688172,476.3215258855586,479.0409356725146,543.7230320699708,543.3753581661891,4.5,2,18,30,10,48
user-461,0.47417840375586856,47.14285714285714,4854.695689287239,5.496303883909518,1.178526931284678,380.7034603591765,481.6190691369182,471.8297185048454,362.8254759746147,3.875,2,100,179,40,311
user-462,-0.19230769230769232,40.625,5251.872756933116,5.351737357259379,1.1709252039151714,330.6820469798658,368.5081826012059,431.13183000867303,305.6722972972973,4.32051282051282,2,60,80,34,192
user-463,-0.29411764705882354,67.44186046511628,5067.696835908757,5.44037527593819,1.1635063281824871,334.71178707224334,425.1980906921241,455.1012759170654,426.9647239263804,3.8392857142857144,2,134,113,37,103
user-464,0.14534883720930233,55.55555555555556,5060.017699115044,5.4412057522123884,1.1757422566371682,390.5168539325843,535.6355475763016,509.1037217815741,438.88425925925924,3.4915254237288136,2,151,182,38,178
user-465,0.3425925925925926,55.81395348837209,5142.911931818182,5.418245738636363,1.154566193181818,382.63130943672274,460.6374442793462,476.7150415721844,364.879821958457,4.776315789473684,2,63,74,37,169
user-466,0.39215686274509803,58.55855855855856,5043.166257668711,5.4596625766871165,1.1496194478527606,425.9955214331414,458.08468002585647,527.8434839554683,441.4358478401032,5.8,3,142,72,68,156
user-467,-0.045368620037807186,57.58928571428571,5068.065652522017,5.434785828662931,1.1923762009607686,487.6757943143813,568.954898911353,584.6209476309227,493.43479188900744,3.013913043478261,2,281,515,136,521
user-468,0.5925925925925926,43.333333333333336,4868.359223300971,5.5022761596548,1.1623500539374327,452.9287330316742,459.04886363636365,494.9836639439907,408.6234067207416,4.5,2,26,51,16,139
user-469,-0.36363636363636365,29.411764705882355,5436.839527027027,5.305050675675676,1.1346363175675676,433.5291005291005,507.12305025996534,451.084229390681,375.09090909090907,5.62962962962963,1,23,22,24,51
user-470,-0.625,12.5,5357.627906976744,5.316418604651162,1.1930427906976744,388.1952380952381,465.7029702970297,424.7794871794872,277.41747572815535,5.375,1,6,8,4,30
user-471,0.7837837837837838,65.21739130434783,5184.51024590164,5.41686475409836,1.1553405737704918,447.20425531914896,554.5251641137855,539.4922048997773,430.2488986784141,4.027777777777778,2,37,33,13,37
user-472,0.21935483870967742,60.46511627906976,5264.642307692307,5.370666666666667,1.167517435897436,411.46891534391534,459.5965156794425,498.62201963534363,389.5289757412399,4.017241379310345,2,81,103,40,167
user-473,0.20357142857142857,49.074074074074076,5094.591741591742,5.431545121545121,1.1612832167832168,401.02007615091725,466.6570928196147,491.1716018551552,394.84125307990143,4.58659217877095,2,178,166,77,352
user-474,-0.40625,100.0,5077.855305466238,5.390932475884244,1.1995675241157557,466.2343234323432,520.3874172185431,566.5102040816327,473.69204152249137,5.1,1,42,22,7,8
user-475,0.875,0.0,4835.652173913043,5.450869565217391,1.1978869565217392,139.34782608695653,522.3333333333334,554.7560975609756,133.17391304347825,1.75,1,6,10,0,5
user-476,-0.21,72.22222222222221,5122.425168306577,5.397498705334024,1.1769777835318487,339.0643274853801,450.3935519733185,509.53781038374717,369.0086533261222,3.1818181818181817,2,168,183,49,218
user-477,0.5188679245283019,56.25,5064.3727008712485,5.43973862536302,1.1605317521781218,381.4930139720559,453.38957055214723,497.5863495346432,359.08556701030926,4.5,2,43,64,20,130
user-478,0.24489795918367346,34.78260869565217,4958.276771004942,5.475733113673805,1.1665792421746293,370.1649659863946,437.9106529209622,450.5682210708117,419.68118466898954,6.043478260869565,2,14,31,11,74
user-479,1.0,100.0,4704.397435897436,5.5598717948717935,1.184124358974359,304.36986301369865,484.9066666666667,504.2837837837838,275.5753424657534,3.5,1,8,7,5,9
user-480,0.5454545454545454,70.83333333333334,5161.669158878504,5.413663551401869,1.1545399999999997,380.9332061068702,531.6973415132925,489.20910973084887,424.4251968503937,3.923076923076923,2,43,40,19,44
user-481,0.09302325581395349,66.66666666666666,5335.556621880998,5.350710172744722,1.171551055662188,430.45309381237524,640.6074380165289,598.4150537634408,435.4331983805668,5.625,2,29,19,22,44
user-482,0.6666666666666666,70.0,4915.2245283018865,5.520792452830189,1.1670898113207544,354.4109589041096,481.31013916500996,452.13034623217925,349.440313111546,4.1,2,13,40,26,74
user-483,-0.4666666666666667,8.695652173913043,5302.174887892376,5.28,1.1953914798206278,464.009009009009,439.4162436548223,460.7216494845361,413.12264150943395,3.388888888888889,1,16,22,4,33
user-484,0.6774193548387096,68.96551724137932,5026.414392059553,5.452481389578162,1.1684903225806453,420.01526717557255,379.26178010471205,461.0366492146597,405.47680412371136,4.384615384615385,2,31,22,12,53
user-485,0.6555891238670695,56.71641791044776,4775.699671772429,5.520016411378556,1.1914524070021881,312.5528159148221,424.74148471615723,458.28922716627636,351.62028233938344,3.320209973753281,2,292,356,67,460
user-486,-0.9759036144578314,80.64516129032258,5519.920212765957,5.237872340425532,1.152821409574468,434.7029702970297,510.9499284692418,597.9446870451237,447.51920341394026,5.15625,2,79,29,12,25
user-487,-0.6885245901639344,38.46153846153847,5214.735426008969,5.3234080717488785,1.2050670403587445,356.33488372093024,471.4952380952381,491.8647342995169,377.4369158878505,4.193548387096774,2,24,35,7,63
user-488,-1.3548387096774193,62.5,5555.996376811594,5.233478260869566,1.1812836956521737,533.2754716981132,586.147859922179,555.2857142857143,388.56972111553785,3.6666666666666665,2,29,20,7,12
user-489,0.17281553398058253,39.743589743589745,5151.8495214462955,5.4016253101736975,1.1895251506557958,413.86607305106304,498.743135345667,523.0075531703438,409.3289695156162,3.7858823529411763,2,263,591,103,753
user-490,0.01910828025477707,58.82352941176471,4983.7209131075115,5.442511045655376,1.203420029455081,332.51408987052554,515.1636788776306,507.1900237529691,373.34600465477115,3.255813953488372,2,160,119,22,113
user-491,0.22535211267605634,55.55555555555556,5184.81329113924,5.392041139240507,1.1711033227848102,334.39935064935065,355.7266666666667,468.7197986577181,331.5057471264368,3.94,2,31,47,20,95
user-492,0.3532934131736527,35.38461538461539,5168.320422535211,5.405504694835682,1.1662862676056338,391.96096096096096,467.31693648816935,494.28553299492387,365.4840490797546,3.786259541984733,2,56,101,43,212
user-493,0.02040816326530612,85.71428571428571,5055.983630952381,5.439568452380953,1.179918005952381,358.41374045801524,469.4095238095238,502.57211538461536,332.9907120743034,5.032258064516129,2,38,30,16,90
user-494,0.3076923076923077,0.0,5271.4375,5.36984375,1.16278046875,278.08730158730157,278.9916666666667,366.55,268.2903225806452,4.333333333333333,1,2,8,4,23
user-495,0.25,39.130434782608695,5133.0651242502145,5.41580119965724,1.1621850899742932,383.63852242744065,416.8460144927536,489.0235934664247,372.7964285714286,4.846153846153846,2,36,67,34,177
user-496,-1.027027027027027,13.88888888888889,5282.018518518518,5.327499999999999,1.1484092592592592,451.84382284382286,443.5761421319797,478.1475,395.8471177944862,4.344827586206897,1,19,33,11,51
user-497,0.02,50.617283950617285,5175.882293080054,5.392603459972863,1.1659384497964722,367.5659982563208,469.3901549680948,491.83142962417094,411.1006389776358,3.5452830188679245,2,235,491,135,721
user-498,-0.40625,62.5,5120.7642857142855,5.401714285714286,1.1653357142857144,384.02689486552566,450.6909090909091,464.58047493403694,461.85714285714283,5.142857142857143,2,42,19,11,24
user-499,-0.32558139534883723,64.28571428571429,5512.379008746356,5.2513119533527695,1.1173760932944605,476.73006134969324,555.1550151975684,606.0672782874618,486.1907692307692,5.315789473684211,3,28,16,13,29
